"LOCATION","INDICATOR","SUBJECT","MEASURE","FREQUENCY","TIME","Value","Flag Codes"
"AUS","HRWKD","TOT","HR_WKD","A","1979",1832.3,
"AUS","HRWKD","TOT","HR_WKD","A","1980",1830.9,
"AUS","HRWKD","TOT","HR_WKD","A","1981",1816.8,
"AUS","HRWKD","TOT","HR_WKD","A","1982",1792.5,
"AUS","HRWKD","TOT","HR_WKD","A","1983",1779.09999999999,
"AUS","HRWKD","TOT","HR_WKD","A","1984",1801,
"AUS","HRWKD","TOT","HR_WKD","A","1985",1793.3,
"AUS","HRWKD","TOT","HR_WKD","A","1986",1797.9,
"AUS","HRWKD","TOT","HR_WKD","A","1987",1795.4,
"AUS","HRWKD","TOT","HR_WKD","A","1988",1793.4,
"AUS","HRWKD","TOT","HR_WKD","A","1989",1806.4,
"AUS","HRWKD","TOT","HR_WKD","A","1990",1788.3,
"AUS","HRWKD","TOT","HR_WKD","A","1991",1773.59999999999,
"AUS","HRWKD","TOT","HR_WKD","A","1992",1772.4,
"AUS","HRWKD","TOT","HR_WKD","A","1993",1790.9,
"AUS","HRWKD","TOT","HR_WKD","A","1994",1799.8,
"AUS","HRWKD","TOT","HR_WKD","A","1995",1799,
"AUS","HRWKD","TOT","HR_WKD","A","1996",1792.28,
"AUS","HRWKD","TOT","HR_WKD","A","1997",1790.78,
"AUS","HRWKD","TOT","HR_WKD","A","1998",1776.694,
"AUS","HRWKD","TOT","HR_WKD","A","1999",1781.5,
"AUS","HRWKD","TOT","HR_WKD","A","2000",1779.7,
"AUS","HRWKD","TOT","HR_WKD","A","2001",1746.4,
"AUS","HRWKD","TOT","HR_WKD","A","2002",1741.9,
"AUS","HRWKD","TOT","HR_WKD","A","2003",1734.9,
"AUS","HRWKD","TOT","HR_WKD","A","2004",1733.64,
"AUS","HRWKD","TOT","HR_WKD","A","2005",1732,
"AUS","HRWKD","TOT","HR_WKD","A","2006",1721.7,
"AUS","HRWKD","TOT","HR_WKD","A","2007",1722.59999999999,
"AUS","HRWKD","TOT","HR_WKD","A","2008",1720.8,
"AUS","HRWKD","TOT","HR_WKD","A","2009",1692.09999999999,
"AUS","HRWKD","TOT","HR_WKD","A","2010",1699.7,
"AUS","HRWKD","TOT","HR_WKD","A","2011",1699.2,
"AUS","HRWKD","TOT","HR_WKD","A","2012",1691.9,
"AUS","HRWKD","TOT","HR_WKD","A","2013",1689.59997558593,
"AUS","HRWKD","TOT","HR_WKD","A","2014",1682.69995117187,
"AUS","HRWKD","TOT","HR_WKD","A","2015",1682.90002441406,
"AUS","HRWKD","TOT","HR_WKD","A","2016",1672.19995117187,
"AUS","HRWKD","TOT","HR_WKD","A","2017",1675.90002441406,
"AUT","HRWKD","TOT","HR_WKD","A","1995",1632,
"AUT","HRWKD","TOT","HR_WKD","A","1996",1662,
"AUT","HRWKD","TOT","HR_WKD","A","1997",1670,
"AUT","HRWKD","TOT","HR_WKD","A","1998",1650,
"AUT","HRWKD","TOT","HR_WKD","A","1999",1654,
"AUT","HRWKD","TOT","HR_WKD","A","2000",1654,
"AUT","HRWKD","TOT","HR_WKD","A","2001",1642,
"AUT","HRWKD","TOT","HR_WKD","A","2002",1640,
"AUT","HRWKD","TOT","HR_WKD","A","2003",1632,
"AUT","HRWKD","TOT","HR_WKD","A","2004",1634,
"AUT","HRWKD","TOT","HR_WKD","A","2005",1612,
"AUT","HRWKD","TOT","HR_WKD","A","2006",1596,
"AUT","HRWKD","TOT","HR_WKD","A","2007",1586,
"AUT","HRWKD","TOT","HR_WKD","A","2008",1579,
"AUT","HRWKD","TOT","HR_WKD","A","2009",1539,
"AUT","HRWKD","TOT","HR_WKD","A","2010",1532,
"AUT","HRWKD","TOT","HR_WKD","A","2011",1538,
"AUT","HRWKD","TOT","HR_WKD","A","2012",1516,
"AUT","HRWKD","TOT","HR_WKD","A","2013",1501,
"AUT","HRWKD","TOT","HR_WKD","A","2014",1492,
"AUT","HRWKD","TOT","HR_WKD","A","2015",1477,
"AUT","HRWKD","TOT","HR_WKD","A","2016",1488,
"AUT","HRWKD","TOT","HR_WKD","A","2017",1487,
"BEL","HRWKD","TOT","HR_WKD","A","1970",1883.16,
"BEL","HRWKD","TOT","HR_WKD","A","1971",1873.42,
"BEL","HRWKD","TOT","HR_WKD","A","1972",1847.49,
"BEL","HRWKD","TOT","HR_WKD","A","1973",1820.07999999999,
"BEL","HRWKD","TOT","HR_WKD","A","1974",1791.9,
"BEL","HRWKD","TOT","HR_WKD","A","1975",1782.67,
"BEL","HRWKD","TOT","HR_WKD","A","1976",1785.45,
"BEL","HRWKD","TOT","HR_WKD","A","1977",1759.77,
"BEL","HRWKD","TOT","HR_WKD","A","1978",1742.99,
"BEL","HRWKD","TOT","HR_WKD","A","1979",1726.56999999999,
"BEL","HRWKD","TOT","HR_WKD","A","1980",1706.53,
"BEL","HRWKD","TOT","HR_WKD","A","1981",1683.39,
"BEL","HRWKD","TOT","HR_WKD","A","1982",1668.97,
"BEL","HRWKD","TOT","HR_WKD","A","1983",1674.93,
"BEL","HRWKD","TOT","HR_WKD","A","1984",1699,
"BEL","HRWKD","TOT","HR_WKD","A","1985",1705.02,
"BEL","HRWKD","TOT","HR_WKD","A","1986",1684.96,
"BEL","HRWKD","TOT","HR_WKD","A","1987",1669.92,
"BEL","HRWKD","TOT","HR_WKD","A","1988",1657.88,
"BEL","HRWKD","TOT","HR_WKD","A","1989",1648.84999999999,
"BEL","HRWKD","TOT","HR_WKD","A","1990",1662.9,
"BEL","HRWKD","TOT","HR_WKD","A","1991",1625.79,
"BEL","HRWKD","TOT","HR_WKD","A","1992",1602.72,
"BEL","HRWKD","TOT","HR_WKD","A","1993",1558.58999999999,
"BEL","HRWKD","TOT","HR_WKD","A","1994",1558.58999999999,
"BEL","HRWKD","TOT","HR_WKD","A","1995",1584.67,
"BEL","HRWKD","TOT","HR_WKD","A","1996",1558.58999999999,
"BEL","HRWKD","TOT","HR_WKD","A","1997",1571.63,
"BEL","HRWKD","TOT","HR_WKD","A","1998",1582.66,
"BEL","HRWKD","TOT","HR_WKD","A","1999",1582,
"BEL","HRWKD","TOT","HR_WKD","A","2000",1595,
"BEL","HRWKD","TOT","HR_WKD","A","2001",1588,
"BEL","HRWKD","TOT","HR_WKD","A","2002",1583,
"BEL","HRWKD","TOT","HR_WKD","A","2003",1578,
"BEL","HRWKD","TOT","HR_WKD","A","2004",1573,
"BEL","HRWKD","TOT","HR_WKD","A","2005",1565,
"BEL","HRWKD","TOT","HR_WKD","A","2006",1572,
"BEL","HRWKD","TOT","HR_WKD","A","2007",1577,
"BEL","HRWKD","TOT","HR_WKD","A","2008",1570,
"BEL","HRWKD","TOT","HR_WKD","A","2009",1548,
"BEL","HRWKD","TOT","HR_WKD","A","2010",1546,
"BEL","HRWKD","TOT","HR_WKD","A","2011",1560,
"BEL","HRWKD","TOT","HR_WKD","A","2012",1560,
"BEL","HRWKD","TOT","HR_WKD","A","2013",1558,
"BEL","HRWKD","TOT","HR_WKD","A","2014",1555,
"BEL","HRWKD","TOT","HR_WKD","A","2015",1545,
"BEL","HRWKD","TOT","HR_WKD","A","2016",1546,
"CAN","HRWKD","TOT","HR_WKD","A","1961",2059,
"CAN","HRWKD","TOT","HR_WKD","A","1962",2058,
"CAN","HRWKD","TOT","HR_WKD","A","1963",2041,
"CAN","HRWKD","TOT","HR_WKD","A","1964",2033,
"CAN","HRWKD","TOT","HR_WKD","A","1965",2016,
"CAN","HRWKD","TOT","HR_WKD","A","1966",2001,
"CAN","HRWKD","TOT","HR_WKD","A","1967",1993,
"CAN","HRWKD","TOT","HR_WKD","A","1968",1958,
"CAN","HRWKD","TOT","HR_WKD","A","1969",1943,
"CAN","HRWKD","TOT","HR_WKD","A","1970",1925,
"CAN","HRWKD","TOT","HR_WKD","A","1971",1912,
"CAN","HRWKD","TOT","HR_WKD","A","1972",1904,
"CAN","HRWKD","TOT","HR_WKD","A","1973",1898,
"CAN","HRWKD","TOT","HR_WKD","A","1974",1891,
"CAN","HRWKD","TOT","HR_WKD","A","1975",1872,
"CAN","HRWKD","TOT","HR_WKD","A","1976",1862,
"CAN","HRWKD","TOT","HR_WKD","A","1977",1834,
"CAN","HRWKD","TOT","HR_WKD","A","1978",1836,
"CAN","HRWKD","TOT","HR_WKD","A","1979",1841,
"CAN","HRWKD","TOT","HR_WKD","A","1980",1827,
"CAN","HRWKD","TOT","HR_WKD","A","1981",1812,
"CAN","HRWKD","TOT","HR_WKD","A","1982",1789,
"CAN","HRWKD","TOT","HR_WKD","A","1983",1779,
"CAN","HRWKD","TOT","HR_WKD","A","1984",1789,
"CAN","HRWKD","TOT","HR_WKD","A","1985",1795,
"CAN","HRWKD","TOT","HR_WKD","A","1986",1797,
"CAN","HRWKD","TOT","HR_WKD","A","1987",1807,
"CAN","HRWKD","TOT","HR_WKD","A","1988",1808,
"CAN","HRWKD","TOT","HR_WKD","A","1989",1802,
"CAN","HRWKD","TOT","HR_WKD","A","1990",1797,
"CAN","HRWKD","TOT","HR_WKD","A","1991",1775,
"CAN","HRWKD","TOT","HR_WKD","A","1992",1772,
"CAN","HRWKD","TOT","HR_WKD","A","1993",1769,
"CAN","HRWKD","TOT","HR_WKD","A","1994",1778,
"CAN","HRWKD","TOT","HR_WKD","A","1995",1775,
"CAN","HRWKD","TOT","HR_WKD","A","1996",1790,
"CAN","HRWKD","TOT","HR_WKD","A","1997",1785,
"CAN","HRWKD","TOT","HR_WKD","A","1998",1782,
"CAN","HRWKD","TOT","HR_WKD","A","1999",1782,
"CAN","HRWKD","TOT","HR_WKD","A","2000",1779,
"CAN","HRWKD","TOT","HR_WKD","A","2001",1771,
"CAN","HRWKD","TOT","HR_WKD","A","2002",1754,
"CAN","HRWKD","TOT","HR_WKD","A","2003",1746,
"CAN","HRWKD","TOT","HR_WKD","A","2004",1759,
"CAN","HRWKD","TOT","HR_WKD","A","2005",1747,
"CAN","HRWKD","TOT","HR_WKD","A","2006",1745,
"CAN","HRWKD","TOT","HR_WKD","A","2007",1741,
"CAN","HRWKD","TOT","HR_WKD","A","2008",1735,
"CAN","HRWKD","TOT","HR_WKD","A","2009",1701,
"CAN","HRWKD","TOT","HR_WKD","A","2010",1703,
"CAN","HRWKD","TOT","HR_WKD","A","2011",1700,
"CAN","HRWKD","TOT","HR_WKD","A","2012",1713,
"CAN","HRWKD","TOT","HR_WKD","A","2013",1711,
"CAN","HRWKD","TOT","HR_WKD","A","2014",1706,
"CAN","HRWKD","TOT","HR_WKD","A","2015",1711,
"CAN","HRWKD","TOT","HR_WKD","A","2016",1706,
"CAN","HRWKD","TOT","HR_WKD","A","2017",1695,
"CZE","HRWKD","TOT","HR_WKD","A","1993",1857,
"CZE","HRWKD","TOT","HR_WKD","A","1994",1839,
"CZE","HRWKD","TOT","HR_WKD","A","1995",1858,
"CZE","HRWKD","TOT","HR_WKD","A","1996",1852,
"CZE","HRWKD","TOT","HR_WKD","A","1997",1858,
"CZE","HRWKD","TOT","HR_WKD","A","1998",1877,
"CZE","HRWKD","TOT","HR_WKD","A","1999",1893,
"CZE","HRWKD","TOT","HR_WKD","A","2000",1896,
"CZE","HRWKD","TOT","HR_WKD","A","2001",1818,
"CZE","HRWKD","TOT","HR_WKD","A","2002",1816,
"CZE","HRWKD","TOT","HR_WKD","A","2003",1806,
"CZE","HRWKD","TOT","HR_WKD","A","2004",1817,
"CZE","HRWKD","TOT","HR_WKD","A","2005",1817,
"CZE","HRWKD","TOT","HR_WKD","A","2006",1799,
"CZE","HRWKD","TOT","HR_WKD","A","2007",1784,
"CZE","HRWKD","TOT","HR_WKD","A","2008",1790,
"CZE","HRWKD","TOT","HR_WKD","A","2009",1779,
"CZE","HRWKD","TOT","HR_WKD","A","2010",1800,
"CZE","HRWKD","TOT","HR_WKD","A","2011",1806,
"CZE","HRWKD","TOT","HR_WKD","A","2012",1776,
"CZE","HRWKD","TOT","HR_WKD","A","2013",1763,
"CZE","HRWKD","TOT","HR_WKD","A","2014",1777,
"CZE","HRWKD","TOT","HR_WKD","A","2015",1756,
"CZE","HRWKD","TOT","HR_WKD","A","2016",1778,
"CZE","HRWKD","TOT","HR_WKD","A","2017",1776,
"DNK","HRWKD","TOT","HR_WKD","A","1970",1845,
"DNK","HRWKD","TOT","HR_WKD","A","1971",1810,
"DNK","HRWKD","TOT","HR_WKD","A","1972",1752,
"DNK","HRWKD","TOT","HR_WKD","A","1973",1710,
"DNK","HRWKD","TOT","HR_WKD","A","1974",1691,
"DNK","HRWKD","TOT","HR_WKD","A","1975",1617,
"DNK","HRWKD","TOT","HR_WKD","A","1976",1624,
"DNK","HRWKD","TOT","HR_WKD","A","1977",1599,
"DNK","HRWKD","TOT","HR_WKD","A","1978",1575,
"DNK","HRWKD","TOT","HR_WKD","A","1979",1564,
"DNK","HRWKD","TOT","HR_WKD","A","1980",1578,
"DNK","HRWKD","TOT","HR_WKD","A","1981",1546,
"DNK","HRWKD","TOT","HR_WKD","A","1982",1553,
"DNK","HRWKD","TOT","HR_WKD","A","1983",1546,
"DNK","HRWKD","TOT","HR_WKD","A","1984",1541,
"DNK","HRWKD","TOT","HR_WKD","A","1985",1528,
"DNK","HRWKD","TOT","HR_WKD","A","1986",1531,
"DNK","HRWKD","TOT","HR_WKD","A","1987",1493,
"DNK","HRWKD","TOT","HR_WKD","A","1988",1471,
"DNK","HRWKD","TOT","HR_WKD","A","1989",1455,
"DNK","HRWKD","TOT","HR_WKD","A","1990",1441,
"DNK","HRWKD","TOT","HR_WKD","A","1991",1437,
"DNK","HRWKD","TOT","HR_WKD","A","1992",1453,
"DNK","HRWKD","TOT","HR_WKD","A","1993",1449,
"DNK","HRWKD","TOT","HR_WKD","A","1994",1407,
"DNK","HRWKD","TOT","HR_WKD","A","1995",1419,
"DNK","HRWKD","TOT","HR_WKD","A","1996",1412,
"DNK","HRWKD","TOT","HR_WKD","A","1997",1428,
"DNK","HRWKD","TOT","HR_WKD","A","1998",1441,
"DNK","HRWKD","TOT","HR_WKD","A","1999",1456,
"DNK","HRWKD","TOT","HR_WKD","A","2000",1466,
"DNK","HRWKD","TOT","HR_WKD","A","2001",1469,
"DNK","HRWKD","TOT","HR_WKD","A","2002",1463,
"DNK","HRWKD","TOT","HR_WKD","A","2003",1458,
"DNK","HRWKD","TOT","HR_WKD","A","2004",1458,
"DNK","HRWKD","TOT","HR_WKD","A","2005",1451,
"DNK","HRWKD","TOT","HR_WKD","A","2006",1456,
"DNK","HRWKD","TOT","HR_WKD","A","2007",1433,
"DNK","HRWKD","TOT","HR_WKD","A","2008",1430,
"DNK","HRWKD","TOT","HR_WKD","A","2009",1417,
"DNK","HRWKD","TOT","HR_WKD","A","2010",1422,
"DNK","HRWKD","TOT","HR_WKD","A","2011",1437,
"DNK","HRWKD","TOT","HR_WKD","A","2012",1423,
"DNK","HRWKD","TOT","HR_WKD","A","2013",1426,
"DNK","HRWKD","TOT","HR_WKD","A","2014",1414,
"DNK","HRWKD","TOT","HR_WKD","A","2015",1407,
"DNK","HRWKD","TOT","HR_WKD","A","2016",1414,
"DNK","HRWKD","TOT","HR_WKD","A","2017",1408,
"FIN","HRWKD","TOT","HR_WKD","A","1960",1935,
"FIN","HRWKD","TOT","HR_WKD","A","1961",1935,
"FIN","HRWKD","TOT","HR_WKD","A","1962",1928,
"FIN","HRWKD","TOT","HR_WKD","A","1963",1924,
"FIN","HRWKD","TOT","HR_WKD","A","1964",1949,
"FIN","HRWKD","TOT","HR_WKD","A","1965",1949,
"FIN","HRWKD","TOT","HR_WKD","A","1966",1925,
"FIN","HRWKD","TOT","HR_WKD","A","1967",1909,
"FIN","HRWKD","TOT","HR_WKD","A","1968",1894,
"FIN","HRWKD","TOT","HR_WKD","A","1969",1876,
"FIN","HRWKD","TOT","HR_WKD","A","1970",1861,
"FIN","HRWKD","TOT","HR_WKD","A","1971",1828,
"FIN","HRWKD","TOT","HR_WKD","A","1972",1813,
"FIN","HRWKD","TOT","HR_WKD","A","1973",1798,
"FIN","HRWKD","TOT","HR_WKD","A","1974",1793,
"FIN","HRWKD","TOT","HR_WKD","A","1975",1783,
"FIN","HRWKD","TOT","HR_WKD","A","1976",1781,
"FIN","HRWKD","TOT","HR_WKD","A","1977",1773,
"FIN","HRWKD","TOT","HR_WKD","A","1978",1778,
"FIN","HRWKD","TOT","HR_WKD","A","1979",1755,
"FIN","HRWKD","TOT","HR_WKD","A","1980",1737,
"FIN","HRWKD","TOT","HR_WKD","A","1981",1742,
"FIN","HRWKD","TOT","HR_WKD","A","1982",1728,
"FIN","HRWKD","TOT","HR_WKD","A","1983",1712,
"FIN","HRWKD","TOT","HR_WKD","A","1984",1703,
"FIN","HRWKD","TOT","HR_WKD","A","1985",1703,
"FIN","HRWKD","TOT","HR_WKD","A","1986",1683,
"FIN","HRWKD","TOT","HR_WKD","A","1987",1689,
"FIN","HRWKD","TOT","HR_WKD","A","1988",1696,
"FIN","HRWKD","TOT","HR_WKD","A","1989",1692,
"FIN","HRWKD","TOT","HR_WKD","A","1990",1661,
"FIN","HRWKD","TOT","HR_WKD","A","1991",1641,
"FIN","HRWKD","TOT","HR_WKD","A","1992",1646,
"FIN","HRWKD","TOT","HR_WKD","A","1993",1648,
"FIN","HRWKD","TOT","HR_WKD","A","1994",1667,
"FIN","HRWKD","TOT","HR_WKD","A","1995",1668,
"FIN","HRWKD","TOT","HR_WKD","A","1996",1667,
"FIN","HRWKD","TOT","HR_WKD","A","1997",1657,
"FIN","HRWKD","TOT","HR_WKD","A","1998",1648,
"FIN","HRWKD","TOT","HR_WKD","A","1999",1650,
"FIN","HRWKD","TOT","HR_WKD","A","2000",1636,
"FIN","HRWKD","TOT","HR_WKD","A","2001",1618,
"FIN","HRWKD","TOT","HR_WKD","A","2002",1609,
"FIN","HRWKD","TOT","HR_WKD","A","2003",1601,
"FIN","HRWKD","TOT","HR_WKD","A","2004",1603,
"FIN","HRWKD","TOT","HR_WKD","A","2005",1594,
"FIN","HRWKD","TOT","HR_WKD","A","2006",1590,
"FIN","HRWKD","TOT","HR_WKD","A","2007",1588,
"FIN","HRWKD","TOT","HR_WKD","A","2008",1582,
"FIN","HRWKD","TOT","HR_WKD","A","2009",1560,
"FIN","HRWKD","TOT","HR_WKD","A","2010",1566,
"FIN","HRWKD","TOT","HR_WKD","A","2011",1561,
"FIN","HRWKD","TOT","HR_WKD","A","2012",1550,
"FIN","HRWKD","TOT","HR_WKD","A","2013",1540,
"FIN","HRWKD","TOT","HR_WKD","A","2014",1537,
"FIN","HRWKD","TOT","HR_WKD","A","2015",1537,
"FIN","HRWKD","TOT","HR_WKD","A","2016",1535,
"FIN","HRWKD","TOT","HR_WKD","A","2017",1531,
"FRA","HRWKD","TOT","HR_WKD","A","1950",2193.32,
"FRA","HRWKD","TOT","HR_WKD","A","1951",2214.48999999999,
"FRA","HRWKD","TOT","HR_WKD","A","1952",2197.78,
"FRA","HRWKD","TOT","HR_WKD","A","1953",2179.01,
"FRA","HRWKD","TOT","HR_WKD","A","1954",2193.63999999999,
"FRA","HRWKD","TOT","HR_WKD","A","1955",2179.04,
"FRA","HRWKD","TOT","HR_WKD","A","1956",2130.53,
"FRA","HRWKD","TOT","HR_WKD","A","1957",2107.13,
"FRA","HRWKD","TOT","HR_WKD","A","1958",2096.42999999999,
"FRA","HRWKD","TOT","HR_WKD","A","1959",2100.07999999999,
"FRA","HRWKD","TOT","HR_WKD","A","1960",2111.65,
"FRA","HRWKD","TOT","HR_WKD","A","1961",2092.03,
"FRA","HRWKD","TOT","HR_WKD","A","1962",2107.5,
"FRA","HRWKD","TOT","HR_WKD","A","1963",2093.77,
"FRA","HRWKD","TOT","HR_WKD","A","1964",2103.77,
"FRA","HRWKD","TOT","HR_WKD","A","1965",2092.94,
"FRA","HRWKD","TOT","HR_WKD","A","1966",2087.11999999999,
"FRA","HRWKD","TOT","HR_WKD","A","1967",2055.80999999999,
"FRA","HRWKD","TOT","HR_WKD","A","1968",2034.24,
"FRA","HRWKD","TOT","HR_WKD","A","1969",1964.45,
"FRA","HRWKD","TOT","HR_WKD","A","1970",1948.22,
"FRA","HRWKD","TOT","HR_WKD","A","1971",1947.82999999999,
"FRA","HRWKD","TOT","HR_WKD","A","1972",1898.09999999999,
"FRA","HRWKD","TOT","HR_WKD","A","1973",1884.46,
"FRA","HRWKD","TOT","HR_WKD","A","1974",1854.72,
"FRA","HRWKD","TOT","HR_WKD","A","1975",1830.16,
"FRA","HRWKD","TOT","HR_WKD","A","1976",1856.82999999999,
"FRA","HRWKD","TOT","HR_WKD","A","1977",1819.94,
"FRA","HRWKD","TOT","HR_WKD","A","1978",1789.77,
"FRA","HRWKD","TOT","HR_WKD","A","1979",1787.03,
"FRA","HRWKD","TOT","HR_WKD","A","1980",1778.89,
"FRA","HRWKD","TOT","HR_WKD","A","1981",1759.60999999999,
"FRA","HRWKD","TOT","HR_WKD","A","1982",1687.89,
"FRA","HRWKD","TOT","HR_WKD","A","1983",1670.74,
"FRA","HRWKD","TOT","HR_WKD","A","1984",1664.92,
"FRA","HRWKD","TOT","HR_WKD","A","1985",1630.42,
"FRA","HRWKD","TOT","HR_WKD","A","1986",1626.72,
"FRA","HRWKD","TOT","HR_WKD","A","1987",1639.01,
"FRA","HRWKD","TOT","HR_WKD","A","1988",1648.2,
"FRA","HRWKD","TOT","HR_WKD","A","1989",1633.67,
"FRA","HRWKD","TOT","HR_WKD","A","1990",1629.06999999999,
"FRA","HRWKD","TOT","HR_WKD","A","1991",1622.55999999999,
"FRA","HRWKD","TOT","HR_WKD","A","1992",1621.55999999999,
"FRA","HRWKD","TOT","HR_WKD","A","1993",1614.05999999999,
"FRA","HRWKD","TOT","HR_WKD","A","1994",1611.65,
"FRA","HRWKD","TOT","HR_WKD","A","1995",1590.67,
"FRA","HRWKD","TOT","HR_WKD","A","1996",1587.10999999999,
"FRA","HRWKD","TOT","HR_WKD","A","1997",1585.49,
"FRA","HRWKD","TOT","HR_WKD","A","1998",1575.73,
"FRA","HRWKD","TOT","HR_WKD","A","1999",1569.41,
"FRA","HRWKD","TOT","HR_WKD","A","2000",1549.98,
"FRA","HRWKD","TOT","HR_WKD","A","2001",1530.47,
"FRA","HRWKD","TOT","HR_WKD","A","2002",1497.30999999999,
"FRA","HRWKD","TOT","HR_WKD","A","2003",1502.09999999999,
"FRA","HRWKD","TOT","HR_WKD","A","2004",1526.01,
"FRA","HRWKD","TOT","HR_WKD","A","2005",1527.34999999999,
"FRA","HRWKD","TOT","HR_WKD","A","2006",1510.60999999999,
"FRA","HRWKD","TOT","HR_WKD","A","2007",1530.01,
"FRA","HRWKD","TOT","HR_WKD","A","2008",1537.78,
"FRA","HRWKD","TOT","HR_WKD","A","2009",1521.26,
"FRA","HRWKD","TOT","HR_WKD","A","2010",1527.96,
"FRA","HRWKD","TOT","HR_WKD","A","2011",1534.61999999999,
"FRA","HRWKD","TOT","HR_WKD","A","2012",1528.91,
"FRA","HRWKD","TOT","HR_WKD","A","2013",1513.9,
"FRA","HRWKD","TOT","HR_WKD","A","2014",1508.97,
"FRA","HRWKD","TOT","HR_WKD","A","2015",1509.43,
"FRA","HRWKD","TOT","HR_WKD","A","2016",1502.73,
"FRA","HRWKD","TOT","HR_WKD","A","2017",1514,
"DEU","HRWKD","TOT","HR_WKD","A","1991",1553.5,
"DEU","HRWKD","TOT","HR_WKD","A","1992",1564.7,
"DEU","HRWKD","TOT","HR_WKD","A","1993",1541.59999999999,
"DEU","HRWKD","TOT","HR_WKD","A","1994",1537.3,
"DEU","HRWKD","TOT","HR_WKD","A","1995",1528,
"DEU","HRWKD","TOT","HR_WKD","A","1996",1510.5,
"DEU","HRWKD","TOT","HR_WKD","A","1997",1499.59999999999,
"DEU","HRWKD","TOT","HR_WKD","A","1998",1493.59999999999,
"DEU","HRWKD","TOT","HR_WKD","A","1999",1478.7,
"DEU","HRWKD","TOT","HR_WKD","A","2000",1452,
"DEU","HRWKD","TOT","HR_WKD","A","2001",1441.9,
"DEU","HRWKD","TOT","HR_WKD","A","2002",1430.9,
"DEU","HRWKD","TOT","HR_WKD","A","2003",1424.8,
"DEU","HRWKD","TOT","HR_WKD","A","2004",1422.2,
"DEU","HRWKD","TOT","HR_WKD","A","2005",1411.3,
"DEU","HRWKD","TOT","HR_WKD","A","2006",1424.7,
"DEU","HRWKD","TOT","HR_WKD","A","2007",1424.4,
"DEU","HRWKD","TOT","HR_WKD","A","2008",1418.4,
"DEU","HRWKD","TOT","HR_WKD","A","2009",1372.7,
"DEU","HRWKD","TOT","HR_WKD","A","2010",1389.9,
"DEU","HRWKD","TOT","HR_WKD","A","2011",1392.8,
"DEU","HRWKD","TOT","HR_WKD","A","2012",1375,
"DEU","HRWKD","TOT","HR_WKD","A","2013",1362.09999999999,
"DEU","HRWKD","TOT","HR_WKD","A","2014",1367.59999999999,
"DEU","HRWKD","TOT","HR_WKD","A","2015",1367.8,
"DEU","HRWKD","TOT","HR_WKD","A","2016",1363.4,
"DEU","HRWKD","TOT","HR_WKD","A","2017",1356,
"GRC","HRWKD","TOT","HR_WKD","A","1983",2037,
"GRC","HRWKD","TOT","HR_WKD","A","1984",1969,
"GRC","HRWKD","TOT","HR_WKD","A","1985",1986,
"GRC","HRWKD","TOT","HR_WKD","A","1986",1975,
"GRC","HRWKD","TOT","HR_WKD","A","1987",1935,
"GRC","HRWKD","TOT","HR_WKD","A","1988",1924,
"GRC","HRWKD","TOT","HR_WKD","A","1989",1964,
"GRC","HRWKD","TOT","HR_WKD","A","1990",1942,
"GRC","HRWKD","TOT","HR_WKD","A","1991",1971,
"GRC","HRWKD","TOT","HR_WKD","A","1992",1997,
"GRC","HRWKD","TOT","HR_WKD","A","1993",2017,
"GRC","HRWKD","TOT","HR_WKD","A","1994",1984,
"GRC","HRWKD","TOT","HR_WKD","A","1995",1967,
"GRC","HRWKD","TOT","HR_WKD","A","1996",1966,
"GRC","HRWKD","TOT","HR_WKD","A","1997",1965,
"GRC","HRWKD","TOT","HR_WKD","A","1998",1965,
"GRC","HRWKD","TOT","HR_WKD","A","1999",1962,
"GRC","HRWKD","TOT","HR_WKD","A","2000",1964,
"GRC","HRWKD","TOT","HR_WKD","A","2001",1958,
"GRC","HRWKD","TOT","HR_WKD","A","2002",1951,
"GRC","HRWKD","TOT","HR_WKD","A","2003",1949,
"GRC","HRWKD","TOT","HR_WKD","A","2004",1941,
"GRC","HRWKD","TOT","HR_WKD","A","2005",1991,
"GRC","HRWKD","TOT","HR_WKD","A","2006",1981,
"GRC","HRWKD","TOT","HR_WKD","A","2007",1967,
"GRC","HRWKD","TOT","HR_WKD","A","2008",1963,
"GRC","HRWKD","TOT","HR_WKD","A","2009",1940,
"GRC","HRWKD","TOT","HR_WKD","A","2010",1882,
"GRC","HRWKD","TOT","HR_WKD","A","2011",1899,
"GRC","HRWKD","TOT","HR_WKD","A","2012",1916,
"GRC","HRWKD","TOT","HR_WKD","A","2013",1919,
"GRC","HRWKD","TOT","HR_WKD","A","2014",1883,
"GRC","HRWKD","TOT","HR_WKD","A","2015",1893,
"GRC","HRWKD","TOT","HR_WKD","A","2016",1892,
"GRC","HRWKD","TOT","HR_WKD","A","2017",1906,
"HUN","HRWKD","TOT","HR_WKD","A","1995",1820,
"HUN","HRWKD","TOT","HR_WKD","A","1996",1814,
"HUN","HRWKD","TOT","HR_WKD","A","1997",1836,
"HUN","HRWKD","TOT","HR_WKD","A","1998",1836,
"HUN","HRWKD","TOT","HR_WKD","A","1999",1851,
"HUN","HRWKD","TOT","HR_WKD","A","2000",1845,
"HUN","HRWKD","TOT","HR_WKD","A","2001",1809,
"HUN","HRWKD","TOT","HR_WKD","A","2002",1820,
"HUN","HRWKD","TOT","HR_WKD","A","2003",1795,
"HUN","HRWKD","TOT","HR_WKD","A","2004",1802,
"HUN","HRWKD","TOT","HR_WKD","A","2005",1803,
"HUN","HRWKD","TOT","HR_WKD","A","2006",1800,
"HUN","HRWKD","TOT","HR_WKD","A","2007",1795,
"HUN","HRWKD","TOT","HR_WKD","A","2008",1798,
"HUN","HRWKD","TOT","HR_WKD","A","2009",1781,
"HUN","HRWKD","TOT","HR_WKD","A","2010",1777,
"HUN","HRWKD","TOT","HR_WKD","A","2011",1769.8,
"HUN","HRWKD","TOT","HR_WKD","A","2012",1750,
"HUN","HRWKD","TOT","HR_WKD","A","2013",1744.59999999999,
"HUN","HRWKD","TOT","HR_WKD","A","2014",1751.59999999999,
"HUN","HRWKD","TOT","HR_WKD","A","2015",1748.9,
"HUN","HRWKD","TOT","HR_WKD","A","2016",1759.4,
"HUN","HRWKD","TOT","HR_WKD","A","2017",1740.4,
"ISL","HRWKD","TOT","HR_WKD","A","2008",1615,
"ISL","HRWKD","TOT","HR_WKD","A","2009",1535,
"ISL","HRWKD","TOT","HR_WKD","A","2010",1529,
"ISL","HRWKD","TOT","HR_WKD","A","2011",1536,
"ISL","HRWKD","TOT","HR_WKD","A","2012",1512,
"ISL","HRWKD","TOT","HR_WKD","A","2013",1510,
"ISL","HRWKD","TOT","HR_WKD","A","2014",1498,
"ISL","HRWKD","TOT","HR_WKD","A","2015",1498,
"ISL","HRWKD","TOT","HR_WKD","A","2016",1482,
"ISL","HRWKD","TOT","HR_WKD","A","2017",1461,
"IRL","HRWKD","TOT","HR_WKD","A","1998",1845,
"IRL","HRWKD","TOT","HR_WKD","A","1999",1835,
"IRL","HRWKD","TOT","HR_WKD","A","2000",1826,
"IRL","HRWKD","TOT","HR_WKD","A","2001",1818,
"IRL","HRWKD","TOT","HR_WKD","A","2002",1800,
"IRL","HRWKD","TOT","HR_WKD","A","2003",1783,
"IRL","HRWKD","TOT","HR_WKD","A","2004",1772,
"IRL","HRWKD","TOT","HR_WKD","A","2005",1780,
"IRL","HRWKD","TOT","HR_WKD","A","2006",1776,
"IRL","HRWKD","TOT","HR_WKD","A","2007",1763,
"IRL","HRWKD","TOT","HR_WKD","A","2008",1743,
"IRL","HRWKD","TOT","HR_WKD","A","2009",1713,
"IRL","HRWKD","TOT","HR_WKD","A","2010",1702,
"IRL","HRWKD","TOT","HR_WKD","A","2011",1702,
"IRL","HRWKD","TOT","HR_WKD","A","2012",1707,
"IRL","HRWKD","TOT","HR_WKD","A","2013",1720,
"IRL","HRWKD","TOT","HR_WKD","A","2014",1731,
"IRL","HRWKD","TOT","HR_WKD","A","2015",1741,
"IRL","HRWKD","TOT","HR_WKD","A","2016",1739,
"IRL","HRWKD","TOT","HR_WKD","A","2017",1738,
"ITA","HRWKD","TOT","HR_WKD","A","1995",1856.09999999999,
"ITA","HRWKD","TOT","HR_WKD","A","1996",1866.09999999999,
"ITA","HRWKD","TOT","HR_WKD","A","1997",1860.09999999999,
"ITA","HRWKD","TOT","HR_WKD","A","1998",1873.8,
"ITA","HRWKD","TOT","HR_WKD","A","1999",1870.4,
"ITA","HRWKD","TOT","HR_WKD","A","2000",1850.8,
"ITA","HRWKD","TOT","HR_WKD","A","2001",1837.8,
"ITA","HRWKD","TOT","HR_WKD","A","2002",1826.59999999999,
"ITA","HRWKD","TOT","HR_WKD","A","2003",1815.8,
"ITA","HRWKD","TOT","HR_WKD","A","2004",1815.3,
"ITA","HRWKD","TOT","HR_WKD","A","2005",1812.09999999999,
"ITA","HRWKD","TOT","HR_WKD","A","2006",1812.59999999999,
"ITA","HRWKD","TOT","HR_WKD","A","2007",1818.2,
"ITA","HRWKD","TOT","HR_WKD","A","2008",1807,
"ITA","HRWKD","TOT","HR_WKD","A","2009",1775.7,
"ITA","HRWKD","TOT","HR_WKD","A","2010",1777.3,
"ITA","HRWKD","TOT","HR_WKD","A","2011",1773.3,
"ITA","HRWKD","TOT","HR_WKD","A","2012",1734.2,
"ITA","HRWKD","TOT","HR_WKD","A","2013",1719.51,
"ITA","HRWKD","TOT","HR_WKD","A","2014",1717.14,
"ITA","HRWKD","TOT","HR_WKD","A","2015",1718,
"ITA","HRWKD","TOT","HR_WKD","A","2016",1724.42,
"ITA","HRWKD","TOT","HR_WKD","A","2017",1722.60999999999,
"JPN","HRWKD","TOT","HR_WKD","A","1970",2243,
"JPN","HRWKD","TOT","HR_WKD","A","1971",2239,
"JPN","HRWKD","TOT","HR_WKD","A","1972",2228,
"JPN","HRWKD","TOT","HR_WKD","A","1973",2201,
"JPN","HRWKD","TOT","HR_WKD","A","1974",2137,
"JPN","HRWKD","TOT","HR_WKD","A","1975",2112,
"JPN","HRWKD","TOT","HR_WKD","A","1976",2128,
"JPN","HRWKD","TOT","HR_WKD","A","1977",2129,
"JPN","HRWKD","TOT","HR_WKD","A","1978",2123,
"JPN","HRWKD","TOT","HR_WKD","A","1979",2126,
"JPN","HRWKD","TOT","HR_WKD","A","1980",2121,
"JPN","HRWKD","TOT","HR_WKD","A","1981",2106,
"JPN","HRWKD","TOT","HR_WKD","A","1982",2104,
"JPN","HRWKD","TOT","HR_WKD","A","1983",2095,
"JPN","HRWKD","TOT","HR_WKD","A","1984",2108,
"JPN","HRWKD","TOT","HR_WKD","A","1985",2093,
"JPN","HRWKD","TOT","HR_WKD","A","1986",2097,
"JPN","HRWKD","TOT","HR_WKD","A","1987",2096,
"JPN","HRWKD","TOT","HR_WKD","A","1988",2092,
"JPN","HRWKD","TOT","HR_WKD","A","1989",2070,
"JPN","HRWKD","TOT","HR_WKD","A","1990",2031,
"JPN","HRWKD","TOT","HR_WKD","A","1991",1998,
"JPN","HRWKD","TOT","HR_WKD","A","1992",1965,
"JPN","HRWKD","TOT","HR_WKD","A","1993",1905,
"JPN","HRWKD","TOT","HR_WKD","A","1994",1898,
"JPN","HRWKD","TOT","HR_WKD","A","1995",1884,
"JPN","HRWKD","TOT","HR_WKD","A","1996",1892,
"JPN","HRWKD","TOT","HR_WKD","A","1997",1865,
"JPN","HRWKD","TOT","HR_WKD","A","1998",1842,
"JPN","HRWKD","TOT","HR_WKD","A","1999",1810,
"JPN","HRWKD","TOT","HR_WKD","A","2000",1821,
"JPN","HRWKD","TOT","HR_WKD","A","2001",1809,
"JPN","HRWKD","TOT","HR_WKD","A","2002",1798,
"JPN","HRWKD","TOT","HR_WKD","A","2003",1799,
"JPN","HRWKD","TOT","HR_WKD","A","2004",1787,
"JPN","HRWKD","TOT","HR_WKD","A","2005",1775,
"JPN","HRWKD","TOT","HR_WKD","A","2006",1784,
"JPN","HRWKD","TOT","HR_WKD","A","2007",1785,
"JPN","HRWKD","TOT","HR_WKD","A","2008",1771,
"JPN","HRWKD","TOT","HR_WKD","A","2009",1714,
"JPN","HRWKD","TOT","HR_WKD","A","2010",1733,
"JPN","HRWKD","TOT","HR_WKD","A","2011",1728,
"JPN","HRWKD","TOT","HR_WKD","A","2012",1745,
"JPN","HRWKD","TOT","HR_WKD","A","2013",1734,
"JPN","HRWKD","TOT","HR_WKD","A","2014",1729,
"JPN","HRWKD","TOT","HR_WKD","A","2015",1719,
"JPN","HRWKD","TOT","HR_WKD","A","2016",1714,
"JPN","HRWKD","TOT","HR_WKD","A","2017",1710,
"KOR","HRWKD","TOT","HR_WKD","A","2008",2209,
"KOR","HRWKD","TOT","HR_WKD","A","2009",2160,
"KOR","HRWKD","TOT","HR_WKD","A","2010",2146,
"KOR","HRWKD","TOT","HR_WKD","A","2011",2119,
"KOR","HRWKD","TOT","HR_WKD","A","2012",2103,
"KOR","HRWKD","TOT","HR_WKD","A","2013",2093,
"KOR","HRWKD","TOT","HR_WKD","A","2014",2067,
"KOR","HRWKD","TOT","HR_WKD","A","2015",2084,
"KOR","HRWKD","TOT","HR_WKD","A","2016",2071,
"KOR","HRWKD","TOT","HR_WKD","A","2017",2024,
"LUX","HRWKD","TOT","HR_WKD","A","1995",1593,
"LUX","HRWKD","TOT","HR_WKD","A","1996",1600,
"LUX","HRWKD","TOT","HR_WKD","A","1997",1598,
"LUX","HRWKD","TOT","HR_WKD","A","1998",1593,
"LUX","HRWKD","TOT","HR_WKD","A","1999",1592,
"LUX","HRWKD","TOT","HR_WKD","A","2000",1603,
"LUX","HRWKD","TOT","HR_WKD","A","2001",1585,
"LUX","HRWKD","TOT","HR_WKD","A","2002",1581,
"LUX","HRWKD","TOT","HR_WKD","A","2003",1579,
"LUX","HRWKD","TOT","HR_WKD","A","2004",1578,
"LUX","HRWKD","TOT","HR_WKD","A","2005",1550,
"LUX","HRWKD","TOT","HR_WKD","A","2006",1552,
"LUX","HRWKD","TOT","HR_WKD","A","2007",1566,
"LUX","HRWKD","TOT","HR_WKD","A","2008",1567,
"LUX","HRWKD","TOT","HR_WKD","A","2009",1517,
"LUX","HRWKD","TOT","HR_WKD","A","2010",1517,
"LUX","HRWKD","TOT","HR_WKD","A","2011",1515,
"LUX","HRWKD","TOT","HR_WKD","A","2012",1508,
"LUX","HRWKD","TOT","HR_WKD","A","2013",1503,
"LUX","HRWKD","TOT","HR_WKD","A","2014",1508,
"LUX","HRWKD","TOT","HR_WKD","A","2015",1521,
"LUX","HRWKD","TOT","HR_WKD","A","2016",1519,
"LUX","HRWKD","TOT","HR_WKD","A","2017",1518,
"MEX","HRWKD","TOT","HR_WKD","A","1991",2241.8,
"MEX","HRWKD","TOT","HR_WKD","A","1993",2241.09999999999,
"MEX","HRWKD","TOT","HR_WKD","A","1995",2293.59999999999,
"MEX","HRWKD","TOT","HR_WKD","A","1996",2314.19999999999,
"MEX","HRWKD","TOT","HR_WKD","A","1997",2321.59999999999,
"MEX","HRWKD","TOT","HR_WKD","A","1998",2290.69999999999,
"MEX","HRWKD","TOT","HR_WKD","A","1999",2305.8,
"MEX","HRWKD","TOT","HR_WKD","A","2000",2311.19999999999,
"MEX","HRWKD","TOT","HR_WKD","A","2001",2285.19999999999,
"MEX","HRWKD","TOT","HR_WKD","A","2002",2271.19999999999,
"MEX","HRWKD","TOT","HR_WKD","A","2003",2276.5,
"MEX","HRWKD","TOT","HR_WKD","A","2004",2270.59999999999,
"MEX","HRWKD","TOT","HR_WKD","A","2005",2289.59999999999,
"MEX","HRWKD","TOT","HR_WKD","A","2006",2277.8,
"MEX","HRWKD","TOT","HR_WKD","A","2007",2259.8,
"MEX","HRWKD","TOT","HR_WKD","A","2008",2263.69999999999,
"MEX","HRWKD","TOT","HR_WKD","A","2009",2254.5,
"MEX","HRWKD","TOT","HR_WKD","A","2010",2253.5,
"MEX","HRWKD","TOT","HR_WKD","A","2011",2247.5,
"MEX","HRWKD","TOT","HR_WKD","A","2012",2238.59999999999,
"MEX","HRWKD","TOT","HR_WKD","A","2013",2244.19999999999,
"MEX","HRWKD","TOT","HR_WKD","A","2014",2242.19999999999,
"MEX","HRWKD","TOT","HR_WKD","A","2015",2248.3,
"MEX","HRWKD","TOT","HR_WKD","A","2016",2254.59999999999,
"MEX","HRWKD","TOT","HR_WKD","A","2017",2257.4,
"NLD","HRWKD","TOT","HR_WKD","A","1970",1806,
"NLD","HRWKD","TOT","HR_WKD","A","1971",1774,
"NLD","HRWKD","TOT","HR_WKD","A","1972",1772,
"NLD","HRWKD","TOT","HR_WKD","A","1973",1746,
"NLD","HRWKD","TOT","HR_WKD","A","1974",1693,
"NLD","HRWKD","TOT","HR_WKD","A","1975",1641,
"NLD","HRWKD","TOT","HR_WKD","A","1976",1625,
"NLD","HRWKD","TOT","HR_WKD","A","1977",1605,
"NLD","HRWKD","TOT","HR_WKD","A","1978",1577,
"NLD","HRWKD","TOT","HR_WKD","A","1979",1556,
"NLD","HRWKD","TOT","HR_WKD","A","1980",1553,
"NLD","HRWKD","TOT","HR_WKD","A","1981",1553,
"NLD","HRWKD","TOT","HR_WKD","A","1982",1539,
"NLD","HRWKD","TOT","HR_WKD","A","1983",1524,
"NLD","HRWKD","TOT","HR_WKD","A","1984",1516,
"NLD","HRWKD","TOT","HR_WKD","A","1985",1499,
"NLD","HRWKD","TOT","HR_WKD","A","1986",1485,
"NLD","HRWKD","TOT","HR_WKD","A","1987",1464,
"NLD","HRWKD","TOT","HR_WKD","A","1988",1461,
"NLD","HRWKD","TOT","HR_WKD","A","1989",1456,
"NLD","HRWKD","TOT","HR_WKD","A","1990",1451,
"NLD","HRWKD","TOT","HR_WKD","A","1991",1442,
"NLD","HRWKD","TOT","HR_WKD","A","1992",1448,
"NLD","HRWKD","TOT","HR_WKD","A","1993",1438,
"NLD","HRWKD","TOT","HR_WKD","A","1994",1445,
"NLD","HRWKD","TOT","HR_WKD","A","1995",1479,
"NLD","HRWKD","TOT","HR_WKD","A","1996",1494,
"NLD","HRWKD","TOT","HR_WKD","A","1997",1480,
"NLD","HRWKD","TOT","HR_WKD","A","1998",1477,
"NLD","HRWKD","TOT","HR_WKD","A","1999",1476,
"NLD","HRWKD","TOT","HR_WKD","A","2000",1462,
"NLD","HRWKD","TOT","HR_WKD","A","2001",1452,
"NLD","HRWKD","TOT","HR_WKD","A","2002",1435,
"NLD","HRWKD","TOT","HR_WKD","A","2003",1427,
"NLD","HRWKD","TOT","HR_WKD","A","2004",1448,
"NLD","HRWKD","TOT","HR_WKD","A","2005",1434,
"NLD","HRWKD","TOT","HR_WKD","A","2006",1430,
"NLD","HRWKD","TOT","HR_WKD","A","2007",1430,
"NLD","HRWKD","TOT","HR_WKD","A","2008",1430,
"NLD","HRWKD","TOT","HR_WKD","A","2009",1422,
"NLD","HRWKD","TOT","HR_WKD","A","2010",1421,
"NLD","HRWKD","TOT","HR_WKD","A","2011",1422,
"NLD","HRWKD","TOT","HR_WKD","A","2012",1413,
"NLD","HRWKD","TOT","HR_WKD","A","2013",1418,
"NLD","HRWKD","TOT","HR_WKD","A","2014",1429,
"NLD","HRWKD","TOT","HR_WKD","A","2015",1424,
"NLD","HRWKD","TOT","HR_WKD","A","2016",1437,
"NLD","HRWKD","TOT","HR_WKD","A","2017",1433,
"NZL","HRWKD","TOT","HR_WKD","A","1986",1834,
"NZL","HRWKD","TOT","HR_WKD","A","1987",1838,
"NZL","HRWKD","TOT","HR_WKD","A","1988",1829,
"NZL","HRWKD","TOT","HR_WKD","A","1989",1820,
"NZL","HRWKD","TOT","HR_WKD","A","1990",1809,
"NZL","HRWKD","TOT","HR_WKD","A","1991",1792,
"NZL","HRWKD","TOT","HR_WKD","A","1992",1799,
"NZL","HRWKD","TOT","HR_WKD","A","1993",1853,
"NZL","HRWKD","TOT","HR_WKD","A","1994",1848,
"NZL","HRWKD","TOT","HR_WKD","A","1995",1841,
"NZL","HRWKD","TOT","HR_WKD","A","1996",1834,
"NZL","HRWKD","TOT","HR_WKD","A","1997",1826,
"NZL","HRWKD","TOT","HR_WKD","A","1998",1829,
"NZL","HRWKD","TOT","HR_WKD","A","1999",1845,
"NZL","HRWKD","TOT","HR_WKD","A","2000",1836,
"NZL","HRWKD","TOT","HR_WKD","A","2001",1825,
"NZL","HRWKD","TOT","HR_WKD","A","2002",1826,
"NZL","HRWKD","TOT","HR_WKD","A","2003",1823,
"NZL","HRWKD","TOT","HR_WKD","A","2004",1830,
"NZL","HRWKD","TOT","HR_WKD","A","2005",1815,
"NZL","HRWKD","TOT","HR_WKD","A","2006",1795,
"NZL","HRWKD","TOT","HR_WKD","A","2007",1774,
"NZL","HRWKD","TOT","HR_WKD","A","2008",1761,
"NZL","HRWKD","TOT","HR_WKD","A","2009",1740,
"NZL","HRWKD","TOT","HR_WKD","A","2010",1755,
"NZL","HRWKD","TOT","HR_WKD","A","2011",1746,
"NZL","HRWKD","TOT","HR_WKD","A","2012",1734,
"NZL","HRWKD","TOT","HR_WKD","A","2013",1752,
"NZL","HRWKD","TOT","HR_WKD","A","2014",1762,
"NZL","HRWKD","TOT","HR_WKD","A","2015",1757,
"NZL","HRWKD","TOT","HR_WKD","A","2016",1752,
"NZL","HRWKD","TOT","HR_WKD","A","2017",1753,
"NOR","HRWKD","TOT","HR_WKD","A","1962",1995,
"NOR","HRWKD","TOT","HR_WKD","A","1963",1986,
"NOR","HRWKD","TOT","HR_WKD","A","1964",1996,
"NOR","HRWKD","TOT","HR_WKD","A","1965",1951,
"NOR","HRWKD","TOT","HR_WKD","A","1966",1952,
"NOR","HRWKD","TOT","HR_WKD","A","1967",1936,
"NOR","HRWKD","TOT","HR_WKD","A","1968",1897,
"NOR","HRWKD","TOT","HR_WKD","A","1969",1849,
"NOR","HRWKD","TOT","HR_WKD","A","1970",1835,
"NOR","HRWKD","TOT","HR_WKD","A","1971",1813,
"NOR","HRWKD","TOT","HR_WKD","A","1972",1780,
"NOR","HRWKD","TOT","HR_WKD","A","1973",1766,
"NOR","HRWKD","TOT","HR_WKD","A","1974",1745,
"NOR","HRWKD","TOT","HR_WKD","A","1975",1728,
"NOR","HRWKD","TOT","HR_WKD","A","1976",1674,
"NOR","HRWKD","TOT","HR_WKD","A","1977",1638,
"NOR","HRWKD","TOT","HR_WKD","A","1978",1602,
"NOR","HRWKD","TOT","HR_WKD","A","1979",1580,
"NOR","HRWKD","TOT","HR_WKD","A","1980",1580,
"NOR","HRWKD","TOT","HR_WKD","A","1981",1570,
"NOR","HRWKD","TOT","HR_WKD","A","1982",1559,
"NOR","HRWKD","TOT","HR_WKD","A","1983",1553,
"NOR","HRWKD","TOT","HR_WKD","A","1984",1548,
"NOR","HRWKD","TOT","HR_WKD","A","1985",1542,
"NOR","HRWKD","TOT","HR_WKD","A","1986",1538,
"NOR","HRWKD","TOT","HR_WKD","A","1987",1511,
"NOR","HRWKD","TOT","HR_WKD","A","1988",1513,
"NOR","HRWKD","TOT","HR_WKD","A","1989",1511,
"NOR","HRWKD","TOT","HR_WKD","A","1990",1503,
"NOR","HRWKD","TOT","HR_WKD","A","1991",1500,
"NOR","HRWKD","TOT","HR_WKD","A","1992",1510,
"NOR","HRWKD","TOT","HR_WKD","A","1993",1507,
"NOR","HRWKD","TOT","HR_WKD","A","1994",1505,
"NOR","HRWKD","TOT","HR_WKD","A","1995",1488,
"NOR","HRWKD","TOT","HR_WKD","A","1996",1483,
"NOR","HRWKD","TOT","HR_WKD","A","1997",1478,
"NOR","HRWKD","TOT","HR_WKD","A","1998",1476,
"NOR","HRWKD","TOT","HR_WKD","A","1999",1473,
"NOR","HRWKD","TOT","HR_WKD","A","2000",1455,
"NOR","HRWKD","TOT","HR_WKD","A","2001",1429,
"NOR","HRWKD","TOT","HR_WKD","A","2002",1414,
"NOR","HRWKD","TOT","HR_WKD","A","2003",1400.7,
"NOR","HRWKD","TOT","HR_WKD","A","2004",1420.5,
"NOR","HRWKD","TOT","HR_WKD","A","2005",1422.8,
"NOR","HRWKD","TOT","HR_WKD","A","2006",1419.8,
"NOR","HRWKD","TOT","HR_WKD","A","2007",1426,
"NOR","HRWKD","TOT","HR_WKD","A","2008",1429.5,
"NOR","HRWKD","TOT","HR_WKD","A","2009",1406.8,
"NOR","HRWKD","TOT","HR_WKD","A","2010",1415.3,
"NOR","HRWKD","TOT","HR_WKD","A","2011",1421.09999999999,
"NOR","HRWKD","TOT","HR_WKD","A","2012",1419.7,
"NOR","HRWKD","TOT","HR_WKD","A","2013",1408.09999999999,
"NOR","HRWKD","TOT","HR_WKD","A","2014",1426.9,
"NOR","HRWKD","TOT","HR_WKD","A","2015",1423.9,
"NOR","HRWKD","TOT","HR_WKD","A","2016",1424.4,
"NOR","HRWKD","TOT","HR_WKD","A","2017",1419.09999999999,
"POL","HRWKD","TOT","HR_WKD","A","1995",1940,
"POL","HRWKD","TOT","HR_WKD","A","1996",1928,
"POL","HRWKD","TOT","HR_WKD","A","1997",1906,
"POL","HRWKD","TOT","HR_WKD","A","1998",1903,
"POL","HRWKD","TOT","HR_WKD","A","1999",1843,
"POL","HRWKD","TOT","HR_WKD","A","2000",1860,
"POL","HRWKD","TOT","HR_WKD","A","2001",1862,
"POL","HRWKD","TOT","HR_WKD","A","2002",1857,
"POL","HRWKD","TOT","HR_WKD","A","2003",1862,
"POL","HRWKD","TOT","HR_WKD","A","2004",1863,
"POL","HRWKD","TOT","HR_WKD","A","2005",1858,
"POL","HRWKD","TOT","HR_WKD","A","2006",1859,
"POL","HRWKD","TOT","HR_WKD","A","2007",1856,
"POL","HRWKD","TOT","HR_WKD","A","2008",1849,
"POL","HRWKD","TOT","HR_WKD","A","2009",1835,
"POL","HRWKD","TOT","HR_WKD","A","2010",1831,
"POL","HRWKD","TOT","HR_WKD","A","2011",1826,
"POL","HRWKD","TOT","HR_WKD","A","2012",1821,
"POL","HRWKD","TOT","HR_WKD","A","2013",1818,
"POL","HRWKD","TOT","HR_WKD","A","2014",1824,
"POL","HRWKD","TOT","HR_WKD","A","2015",1831,
"POL","HRWKD","TOT","HR_WKD","A","2016",1832,
"POL","HRWKD","TOT","HR_WKD","A","2017",1812,
"PRT","HRWKD","TOT","HR_WKD","A","1970",1946,
"PRT","HRWKD","TOT","HR_WKD","A","1971",1933,
"PRT","HRWKD","TOT","HR_WKD","A","1972",1921,
"PRT","HRWKD","TOT","HR_WKD","A","1973",1909,
"PRT","HRWKD","TOT","HR_WKD","A","1974",1897,
"PRT","HRWKD","TOT","HR_WKD","A","1975",1886,
"PRT","HRWKD","TOT","HR_WKD","A","1976",1875,
"PRT","HRWKD","TOT","HR_WKD","A","1977",1865,
"PRT","HRWKD","TOT","HR_WKD","A","1978",1854,
"PRT","HRWKD","TOT","HR_WKD","A","1979",1843,
"PRT","HRWKD","TOT","HR_WKD","A","1980",1833,
"PRT","HRWKD","TOT","HR_WKD","A","1981",1822,
"PRT","HRWKD","TOT","HR_WKD","A","1982",1811,
"PRT","HRWKD","TOT","HR_WKD","A","1983",1801,
"PRT","HRWKD","TOT","HR_WKD","A","1984",1790,
"PRT","HRWKD","TOT","HR_WKD","A","1985",1780,
"PRT","HRWKD","TOT","HR_WKD","A","1986",1769,
"PRT","HRWKD","TOT","HR_WKD","A","1987",1783,
"PRT","HRWKD","TOT","HR_WKD","A","1988",1782,
"PRT","HRWKD","TOT","HR_WKD","A","1989",1801,
"PRT","HRWKD","TOT","HR_WKD","A","1990",1790,
"PRT","HRWKD","TOT","HR_WKD","A","1991",1724,
"PRT","HRWKD","TOT","HR_WKD","A","1992",1667,
"PRT","HRWKD","TOT","HR_WKD","A","1993",1669,
"PRT","HRWKD","TOT","HR_WKD","A","1994",1676,
"PRT","HRWKD","TOT","HR_WKD","A","1995",1730,
"PRT","HRWKD","TOT","HR_WKD","A","1996",1731,
"PRT","HRWKD","TOT","HR_WKD","A","1997",1726,
"PRT","HRWKD","TOT","HR_WKD","A","1998",1741,
"PRT","HRWKD","TOT","HR_WKD","A","1999",1742,
"PRT","HRWKD","TOT","HR_WKD","A","2000",1751,
"PRT","HRWKD","TOT","HR_WKD","A","2001",1736,
"PRT","HRWKD","TOT","HR_WKD","A","2002",1730,
"PRT","HRWKD","TOT","HR_WKD","A","2003",1723,
"PRT","HRWKD","TOT","HR_WKD","A","2004",1729,
"PRT","HRWKD","TOT","HR_WKD","A","2005",1731,
"PRT","HRWKD","TOT","HR_WKD","A","2006",1720,
"PRT","HRWKD","TOT","HR_WKD","A","2007",1736,
"PRT","HRWKD","TOT","HR_WKD","A","2008",1724,
"PRT","HRWKD","TOT","HR_WKD","A","2009",1724,
"PRT","HRWKD","TOT","HR_WKD","A","2010",1726,
"PRT","HRWKD","TOT","HR_WKD","A","2011",1705,
"PRT","HRWKD","TOT","HR_WKD","A","2012",1689,
"PRT","HRWKD","TOT","HR_WKD","A","2013",1698,
"PRT","HRWKD","TOT","HR_WKD","A","2014",1705,
"PRT","HRWKD","TOT","HR_WKD","A","2015",1713,
"PRT","HRWKD","TOT","HR_WKD","A","2016",1716,
"PRT","HRWKD","TOT","HR_WKD","A","2017",1718,
"SVK","HRWKD","TOT","HR_WKD","A","1995",1853,
"SVK","HRWKD","TOT","HR_WKD","A","1996",1820,
"SVK","HRWKD","TOT","HR_WKD","A","1997",1830,
"SVK","HRWKD","TOT","HR_WKD","A","1998",1822,
"SVK","HRWKD","TOT","HR_WKD","A","1999",1816,
"SVK","HRWKD","TOT","HR_WKD","A","2000",1816,
"SVK","HRWKD","TOT","HR_WKD","A","2001",1801,
"SVK","HRWKD","TOT","HR_WKD","A","2002",1754,
"SVK","HRWKD","TOT","HR_WKD","A","2003",1698,
"SVK","HRWKD","TOT","HR_WKD","A","2004",1742,
"SVK","HRWKD","TOT","HR_WKD","A","2005",1769,
"SVK","HRWKD","TOT","HR_WKD","A","2006",1774,
"SVK","HRWKD","TOT","HR_WKD","A","2007",1791,
"SVK","HRWKD","TOT","HR_WKD","A","2008",1793,
"SVK","HRWKD","TOT","HR_WKD","A","2009",1780,
"SVK","HRWKD","TOT","HR_WKD","A","2010",1805,
"SVK","HRWKD","TOT","HR_WKD","A","2011",1793,
"SVK","HRWKD","TOT","HR_WKD","A","2012",1789,
"SVK","HRWKD","TOT","HR_WKD","A","2013",1772,
"SVK","HRWKD","TOT","HR_WKD","A","2014",1760,
"SVK","HRWKD","TOT","HR_WKD","A","2015",1754,
"SVK","HRWKD","TOT","HR_WKD","A","2016",1740,
"SVK","HRWKD","TOT","HR_WKD","A","2017",1714,
"ESP","HRWKD","TOT","HR_WKD","A","1977",2036.3,
"ESP","HRWKD","TOT","HR_WKD","A","1978",2004.9,
"ESP","HRWKD","TOT","HR_WKD","A","1979",1954.3,
"ESP","HRWKD","TOT","HR_WKD","A","1980",1936,
"ESP","HRWKD","TOT","HR_WKD","A","1981",1901.64,
"ESP","HRWKD","TOT","HR_WKD","A","1982",1880.3,
"ESP","HRWKD","TOT","HR_WKD","A","1983",1847.9,
"ESP","HRWKD","TOT","HR_WKD","A","1984",1803.4,
"ESP","HRWKD","TOT","HR_WKD","A","1985",1793.3,
"ESP","HRWKD","TOT","HR_WKD","A","1986",1785.2,
"ESP","HRWKD","TOT","HR_WKD","A","1987",1777.09999999999,
"ESP","HRWKD","TOT","HR_WKD","A","1988",1773,
"ESP","HRWKD","TOT","HR_WKD","A","1989",1760.9,
"ESP","HRWKD","TOT","HR_WKD","A","1990",1762.9,
"ESP","HRWKD","TOT","HR_WKD","A","1991",1772,
"ESP","HRWKD","TOT","HR_WKD","A","1992",1763.9,
"ESP","HRWKD","TOT","HR_WKD","A","1993",1755.8,
"ESP","HRWKD","TOT","HR_WKD","A","1994",1754.8,
"ESP","HRWKD","TOT","HR_WKD","A","1995",1754.8,
"ESP","HRWKD","TOT","HR_WKD","A","1996",1749.7,
"ESP","HRWKD","TOT","HR_WKD","A","1997",1749.7,
"ESP","HRWKD","TOT","HR_WKD","A","1998",1753.8,
"ESP","HRWKD","TOT","HR_WKD","A","1999",1753.8,
"ESP","HRWKD","TOT","HR_WKD","A","2000",1752.8,
"ESP","HRWKD","TOT","HR_WKD","A","2001",1762.5,
"ESP","HRWKD","TOT","HR_WKD","A","2002",1764.59999999999,
"ESP","HRWKD","TOT","HR_WKD","A","2003",1755.9,
"ESP","HRWKD","TOT","HR_WKD","A","2004",1741.5,
"ESP","HRWKD","TOT","HR_WKD","A","2005",1725.59999999999,
"ESP","HRWKD","TOT","HR_WKD","A","2006",1715.7,
"ESP","HRWKD","TOT","HR_WKD","A","2007",1703.5,
"ESP","HRWKD","TOT","HR_WKD","A","2008",1712.59999999999,
"ESP","HRWKD","TOT","HR_WKD","A","2009",1719.7,
"ESP","HRWKD","TOT","HR_WKD","A","2010",1710.4,
"ESP","HRWKD","TOT","HR_WKD","A","2011",1715.5,
"ESP","HRWKD","TOT","HR_WKD","A","2012",1701.2,
"ESP","HRWKD","TOT","HR_WKD","A","2013",1693.5,
"ESP","HRWKD","TOT","HR_WKD","A","2014",1694.59999999999,
"ESP","HRWKD","TOT","HR_WKD","A","2015",1699.5,
"ESP","HRWKD","TOT","HR_WKD","A","2016",1701.4,
"ESP","HRWKD","TOT","HR_WKD","A","2017",1686.5,
"SWE","HRWKD","TOT","HR_WKD","A","1950",1821,
"SWE","HRWKD","TOT","HR_WKD","A","1951",1812,
"SWE","HRWKD","TOT","HR_WKD","A","1952",1812,
"SWE","HRWKD","TOT","HR_WKD","A","1953",1794,
"SWE","HRWKD","TOT","HR_WKD","A","1954",1804,
"SWE","HRWKD","TOT","HR_WKD","A","1955",1794,
"SWE","HRWKD","TOT","HR_WKD","A","1956",1772,
"SWE","HRWKD","TOT","HR_WKD","A","1957",1772,
"SWE","HRWKD","TOT","HR_WKD","A","1958",1743,
"SWE","HRWKD","TOT","HR_WKD","A","1959",1719,
"SWE","HRWKD","TOT","HR_WKD","A","1960",1715,
"SWE","HRWKD","TOT","HR_WKD","A","1961",1717,
"SWE","HRWKD","TOT","HR_WKD","A","1962",1706,
"SWE","HRWKD","TOT","HR_WKD","A","1963",1700,
"SWE","HRWKD","TOT","HR_WKD","A","1964",1672,
"SWE","HRWKD","TOT","HR_WKD","A","1965",1663,
"SWE","HRWKD","TOT","HR_WKD","A","1966",1650,
"SWE","HRWKD","TOT","HR_WKD","A","1967",1622,
"SWE","HRWKD","TOT","HR_WKD","A","1968",1583,
"SWE","HRWKD","TOT","HR_WKD","A","1969",1562,
"SWE","HRWKD","TOT","HR_WKD","A","1970",1562,
"SWE","HRWKD","TOT","HR_WKD","A","1971",1533,
"SWE","HRWKD","TOT","HR_WKD","A","1972",1497,
"SWE","HRWKD","TOT","HR_WKD","A","1973",1483,
"SWE","HRWKD","TOT","HR_WKD","A","1974",1466,
"SWE","HRWKD","TOT","HR_WKD","A","1975",1444,
"SWE","HRWKD","TOT","HR_WKD","A","1976",1452,
"SWE","HRWKD","TOT","HR_WKD","A","1977",1428,
"SWE","HRWKD","TOT","HR_WKD","A","1978",1392,
"SWE","HRWKD","TOT","HR_WKD","A","1979",1382,
"SWE","HRWKD","TOT","HR_WKD","A","1980",1382,
"SWE","HRWKD","TOT","HR_WKD","A","1981",1375,
"SWE","HRWKD","TOT","HR_WKD","A","1982",1388,
"SWE","HRWKD","TOT","HR_WKD","A","1983",1396,
"SWE","HRWKD","TOT","HR_WKD","A","1984",1398,
"SWE","HRWKD","TOT","HR_WKD","A","1985",1402,
"SWE","HRWKD","TOT","HR_WKD","A","1986",1400,
"SWE","HRWKD","TOT","HR_WKD","A","1987",1409,
"SWE","HRWKD","TOT","HR_WKD","A","1988",1427,
"SWE","HRWKD","TOT","HR_WKD","A","1989",1426,
"SWE","HRWKD","TOT","HR_WKD","A","1990",1423,
"SWE","HRWKD","TOT","HR_WKD","A","1991",1411,
"SWE","HRWKD","TOT","HR_WKD","A","1992",1427,
"SWE","HRWKD","TOT","HR_WKD","A","1993",1442,
"SWE","HRWKD","TOT","HR_WKD","A","1994",1477,
"SWE","HRWKD","TOT","HR_WKD","A","1995",1481,
"SWE","HRWKD","TOT","HR_WKD","A","1996",1493,
"SWE","HRWKD","TOT","HR_WKD","A","1997",1497,
"SWE","HRWKD","TOT","HR_WKD","A","1998",1496,
"SWE","HRWKD","TOT","HR_WKD","A","1999",1503,
"SWE","HRWKD","TOT","HR_WKD","A","2000",1483,
"SWE","HRWKD","TOT","HR_WKD","A","2001",1461,
"SWE","HRWKD","TOT","HR_WKD","A","2002",1440,
"SWE","HRWKD","TOT","HR_WKD","A","2003",1428,
"SWE","HRWKD","TOT","HR_WKD","A","2004",1450,
"SWE","HRWKD","TOT","HR_WKD","A","2005",1449,
"SWE","HRWKD","TOT","HR_WKD","A","2006",1444,
"SWE","HRWKD","TOT","HR_WKD","A","2007",1455,
"SWE","HRWKD","TOT","HR_WKD","A","2008",1460,
"SWE","HRWKD","TOT","HR_WKD","A","2009",1453,
"SWE","HRWKD","TOT","HR_WKD","A","2010",1476,
"SWE","HRWKD","TOT","HR_WKD","A","2011",1474,
"SWE","HRWKD","TOT","HR_WKD","A","2012",1461,
"SWE","HRWKD","TOT","HR_WKD","A","2013",1453,
"SWE","HRWKD","TOT","HR_WKD","A","2014",1453,
"SWE","HRWKD","TOT","HR_WKD","A","2015",1454,
"SWE","HRWKD","TOT","HR_WKD","A","2016",1465,
"SWE","HRWKD","TOT","HR_WKD","A","2017",1453,
"CHE","HRWKD","TOT","HR_WKD","A","1991",1718,
"CHE","HRWKD","TOT","HR_WKD","A","1992",1725,
"CHE","HRWKD","TOT","HR_WKD","A","1993",1720,
"CHE","HRWKD","TOT","HR_WKD","A","1994",1740,
"CHE","HRWKD","TOT","HR_WKD","A","1995",1720,
"CHE","HRWKD","TOT","HR_WKD","A","1996",1697,
"CHE","HRWKD","TOT","HR_WKD","A","1997",1687,
"CHE","HRWKD","TOT","HR_WKD","A","1998",1696,
"CHE","HRWKD","TOT","HR_WKD","A","1999",1717,
"CHE","HRWKD","TOT","HR_WKD","A","2000",1713,
"CHE","HRWKD","TOT","HR_WKD","A","2001",1673,
"CHE","HRWKD","TOT","HR_WKD","A","2002",1651,
"CHE","HRWKD","TOT","HR_WKD","A","2003",1665,
"CHE","HRWKD","TOT","HR_WKD","A","2004",1695,
"CHE","HRWKD","TOT","HR_WKD","A","2005",1690,
"CHE","HRWKD","TOT","HR_WKD","A","2006",1679,
"CHE","HRWKD","TOT","HR_WKD","A","2007",1669,
"CHE","HRWKD","TOT","HR_WKD","A","2008",1659,
"CHE","HRWKD","TOT","HR_WKD","A","2009",1651,
"CHE","HRWKD","TOT","HR_WKD","A","2010",1624,
"CHE","HRWKD","TOT","HR_WKD","A","2011",1619,
"CHE","HRWKD","TOT","HR_WKD","A","2012",1603,
"CHE","HRWKD","TOT","HR_WKD","A","2013",1583,
"CHE","HRWKD","TOT","HR_WKD","A","2014",1575,
"CHE","HRWKD","TOT","HR_WKD","A","2015",1589,
"CHE","HRWKD","TOT","HR_WKD","A","2016",1590,
"CHE","HRWKD","TOT","HR_WKD","A","2017",1570,
"TUR","HRWKD","TOT","HR_WKD","A","1970",2086,
"TUR","HRWKD","TOT","HR_WKD","A","1971",2077,
"TUR","HRWKD","TOT","HR_WKD","A","1972",2069,
"TUR","HRWKD","TOT","HR_WKD","A","1973",2060,
"TUR","HRWKD","TOT","HR_WKD","A","1974",2044,
"TUR","HRWKD","TOT","HR_WKD","A","1975",2028,
"TUR","HRWKD","TOT","HR_WKD","A","1976",2012,
"TUR","HRWKD","TOT","HR_WKD","A","1977",1996,
"TUR","HRWKD","TOT","HR_WKD","A","1978",1980,
"TUR","HRWKD","TOT","HR_WKD","A","1979",1964,
"TUR","HRWKD","TOT","HR_WKD","A","1980",1957,
"TUR","HRWKD","TOT","HR_WKD","A","1981",1950,
"TUR","HRWKD","TOT","HR_WKD","A","1982",1943,
"TUR","HRWKD","TOT","HR_WKD","A","1983",1935,
"TUR","HRWKD","TOT","HR_WKD","A","1984",1871,
"TUR","HRWKD","TOT","HR_WKD","A","1985",1898,
"TUR","HRWKD","TOT","HR_WKD","A","1986",1883,
"TUR","HRWKD","TOT","HR_WKD","A","1987",1844,
"TUR","HRWKD","TOT","HR_WKD","A","1988",1837,
"TUR","HRWKD","TOT","HR_WKD","A","1989",1867,
"TUR","HRWKD","TOT","HR_WKD","A","1990",1866,
"TUR","HRWKD","TOT","HR_WKD","A","1991",1870,
"TUR","HRWKD","TOT","HR_WKD","A","1992",1897,
"TUR","HRWKD","TOT","HR_WKD","A","1993",1917,
"TUR","HRWKD","TOT","HR_WKD","A","1994",1886,
"TUR","HRWKD","TOT","HR_WKD","A","1995",1876,
"TUR","HRWKD","TOT","HR_WKD","A","1996",1892,
"TUR","HRWKD","TOT","HR_WKD","A","1997",1878,
"TUR","HRWKD","TOT","HR_WKD","A","1998",1884,
"TUR","HRWKD","TOT","HR_WKD","A","1999",1925,
"TUR","HRWKD","TOT","HR_WKD","A","2000",1937,
"TUR","HRWKD","TOT","HR_WKD","A","2001",1942,
"TUR","HRWKD","TOT","HR_WKD","A","2002",1943,
"TUR","HRWKD","TOT","HR_WKD","A","2003",1943,
"TUR","HRWKD","TOT","HR_WKD","A","2004",1918,
"TUR","HRWKD","TOT","HR_WKD","A","2005",1936,
"TUR","HRWKD","TOT","HR_WKD","A","2006",1944,
"TUR","HRWKD","TOT","HR_WKD","A","2007",1911,
"TUR","HRWKD","TOT","HR_WKD","A","2008",1900,
"TUR","HRWKD","TOT","HR_WKD","A","2009",1881,
"TUR","HRWKD","TOT","HR_WKD","A","2010",1877,
"TUR","HRWKD","TOT","HR_WKD","A","2011",1864.22,
"TUR","HRWKD","TOT","HR_WKD","A","2012",1855.05999999999,
"TUR","HRWKD","TOT","HR_WKD","A","2013",1832,
"TUR","HRWKD","TOT","HR_WKD","A","2014",1832,
"TUR","HRWKD","TOT","HR_WKD","A","2015",1832,
"GBR","HRWKD","TOT","HR_WKD","A","1970",1745,
"GBR","HRWKD","TOT","HR_WKD","A","1971",1711,
"GBR","HRWKD","TOT","HR_WKD","A","1972",1680,
"GBR","HRWKD","TOT","HR_WKD","A","1973",1730,
"GBR","HRWKD","TOT","HR_WKD","A","1974",1695,
"GBR","HRWKD","TOT","HR_WKD","A","1975",1691,
"GBR","HRWKD","TOT","HR_WKD","A","1976",1675,
"GBR","HRWKD","TOT","HR_WKD","A","1977",1658,
"GBR","HRWKD","TOT","HR_WKD","A","1978",1640,
"GBR","HRWKD","TOT","HR_WKD","A","1979",1633,
"GBR","HRWKD","TOT","HR_WKD","A","1980",1592,
"GBR","HRWKD","TOT","HR_WKD","A","1981",1540,
"GBR","HRWKD","TOT","HR_WKD","A","1982",1554,
"GBR","HRWKD","TOT","HR_WKD","A","1983",1541,
"GBR","HRWKD","TOT","HR_WKD","A","1984",1556,
"GBR","HRWKD","TOT","HR_WKD","A","1985",1585,
"GBR","HRWKD","TOT","HR_WKD","A","1986",1588,
"GBR","HRWKD","TOT","HR_WKD","A","1987",1578,
"GBR","HRWKD","TOT","HR_WKD","A","1988",1614,
"GBR","HRWKD","TOT","HR_WKD","A","1989",1603,
"GBR","HRWKD","TOT","HR_WKD","A","1990",1590,
"GBR","HRWKD","TOT","HR_WKD","A","1991",1587,
"GBR","HRWKD","TOT","HR_WKD","A","1992",1556,
"GBR","HRWKD","TOT","HR_WKD","A","1993",1550,
"GBR","HRWKD","TOT","HR_WKD","A","1994",1559,
"GBR","HRWKD","TOT","HR_WKD","A","1995",1563,
"GBR","HRWKD","TOT","HR_WKD","A","1996",1565,
"GBR","HRWKD","TOT","HR_WKD","A","1997",1544,
"GBR","HRWKD","TOT","HR_WKD","A","1998",1558,
"GBR","HRWKD","TOT","HR_WKD","A","1999",1551,
"GBR","HRWKD","TOT","HR_WKD","A","2000",1539,
"GBR","HRWKD","TOT","HR_WKD","A","2001",1539,
"GBR","HRWKD","TOT","HR_WKD","A","2002",1523,
"GBR","HRWKD","TOT","HR_WKD","A","2003",1512,
"GBR","HRWKD","TOT","HR_WKD","A","2004",1499,
"GBR","HRWKD","TOT","HR_WKD","A","2005",1515,
"GBR","HRWKD","TOT","HR_WKD","A","2006",1509,
"GBR","HRWKD","TOT","HR_WKD","A","2007",1511,
"GBR","HRWKD","TOT","HR_WKD","A","2008",1492,
"GBR","HRWKD","TOT","HR_WKD","A","2009",1487,
"GBR","HRWKD","TOT","HR_WKD","A","2010",1476,
"GBR","HRWKD","TOT","HR_WKD","A","2011",1488,
"GBR","HRWKD","TOT","HR_WKD","A","2012",1502,
"GBR","HRWKD","TOT","HR_WKD","A","2013",1511,
"GBR","HRWKD","TOT","HR_WKD","A","2014",1517,
"GBR","HRWKD","TOT","HR_WKD","A","2015",1501,
"GBR","HRWKD","TOT","HR_WKD","A","2016",1515,
"GBR","HRWKD","TOT","HR_WKD","A","2017",1514,
"USA","HRWKD","TOT","HR_WKD","A","1950",1968,
"USA","HRWKD","TOT","HR_WKD","A","1951",1986,
"USA","HRWKD","TOT","HR_WKD","A","1952",1988,
"USA","HRWKD","TOT","HR_WKD","A","1953",1992,
"USA","HRWKD","TOT","HR_WKD","A","1954",1984,
"USA","HRWKD","TOT","HR_WKD","A","1955",2003,
"USA","HRWKD","TOT","HR_WKD","A","1956",2002,
"USA","HRWKD","TOT","HR_WKD","A","1957",1973,
"USA","HRWKD","TOT","HR_WKD","A","1958",1947,
"USA","HRWKD","TOT","HR_WKD","A","1959",1957,
"USA","HRWKD","TOT","HR_WKD","A","1960",1952,
"USA","HRWKD","TOT","HR_WKD","A","1961",1941,
"USA","HRWKD","TOT","HR_WKD","A","1962",1959,
"USA","HRWKD","TOT","HR_WKD","A","1963",1972,
"USA","HRWKD","TOT","HR_WKD","A","1964",1974,
"USA","HRWKD","TOT","HR_WKD","A","1965",1983,
"USA","HRWKD","TOT","HR_WKD","A","1966",1973,
"USA","HRWKD","TOT","HR_WKD","A","1967",1950,
"USA","HRWKD","TOT","HR_WKD","A","1968",1939,
"USA","HRWKD","TOT","HR_WKD","A","1969",1936,
"USA","HRWKD","TOT","HR_WKD","A","1970",1905,
"USA","HRWKD","TOT","HR_WKD","A","1971",1893,
"USA","HRWKD","TOT","HR_WKD","A","1972",1890,
"USA","HRWKD","TOT","HR_WKD","A","1973",1891,
"USA","HRWKD","TOT","HR_WKD","A","1974",1859,
"USA","HRWKD","TOT","HR_WKD","A","1975",1839,
"USA","HRWKD","TOT","HR_WKD","A","1976",1841,
"USA","HRWKD","TOT","HR_WKD","A","1977",1844,
"USA","HRWKD","TOT","HR_WKD","A","1978",1836,
"USA","HRWKD","TOT","HR_WKD","A","1979",1833,
"USA","HRWKD","TOT","HR_WKD","A","1980",1816,
"USA","HRWKD","TOT","HR_WKD","A","1981",1811,
"USA","HRWKD","TOT","HR_WKD","A","1982",1803,
"USA","HRWKD","TOT","HR_WKD","A","1983",1821,
"USA","HRWKD","TOT","HR_WKD","A","1984",1838,
"USA","HRWKD","TOT","HR_WKD","A","1985",1837,
"USA","HRWKD","TOT","HR_WKD","A","1986",1829,
"USA","HRWKD","TOT","HR_WKD","A","1987",1838,
"USA","HRWKD","TOT","HR_WKD","A","1988",1837,
"USA","HRWKD","TOT","HR_WKD","A","1989",1848,
"USA","HRWKD","TOT","HR_WKD","A","1990",1833,
"USA","HRWKD","TOT","HR_WKD","A","1991",1823,
"USA","HRWKD","TOT","HR_WKD","A","1992",1822,
"USA","HRWKD","TOT","HR_WKD","A","1993",1829,
"USA","HRWKD","TOT","HR_WKD","A","1994",1840,
"USA","HRWKD","TOT","HR_WKD","A","1995",1840,
"USA","HRWKD","TOT","HR_WKD","A","1996",1840,
"USA","HRWKD","TOT","HR_WKD","A","1997",1843,
"USA","HRWKD","TOT","HR_WKD","A","1998",1843,
"USA","HRWKD","TOT","HR_WKD","A","1999",1839,
"USA","HRWKD","TOT","HR_WKD","A","2000",1832,
"USA","HRWKD","TOT","HR_WKD","A","2001",1811,
"USA","HRWKD","TOT","HR_WKD","A","2002",1806,
"USA","HRWKD","TOT","HR_WKD","A","2003",1796,
"USA","HRWKD","TOT","HR_WKD","A","2004",1798,
"USA","HRWKD","TOT","HR_WKD","A","2005",1794,
"USA","HRWKD","TOT","HR_WKD","A","2006",1797,
"USA","HRWKD","TOT","HR_WKD","A","2007",1796,
"USA","HRWKD","TOT","HR_WKD","A","2008",1787,
"USA","HRWKD","TOT","HR_WKD","A","2009",1762,
"USA","HRWKD","TOT","HR_WKD","A","2010",1773,
"USA","HRWKD","TOT","HR_WKD","A","2011",1780,
"USA","HRWKD","TOT","HR_WKD","A","2012",1783,
"USA","HRWKD","TOT","HR_WKD","A","2013",1782,
"USA","HRWKD","TOT","HR_WKD","A","2014",1784,
"USA","HRWKD","TOT","HR_WKD","A","2015",1785,
"USA","HRWKD","TOT","HR_WKD","A","2016",1781,
"USA","HRWKD","TOT","HR_WKD","A","2017",1780,
"CHL","HRWKD","TOT","HR_WKD","A","1986",2399,
"CHL","HRWKD","TOT","HR_WKD","A","1987",2405,
"CHL","HRWKD","TOT","HR_WKD","A","1988",2411,
"CHL","HRWKD","TOT","HR_WKD","A","1989",2416,
"CHL","HRWKD","TOT","HR_WKD","A","1990",2422,
"CHL","HRWKD","TOT","HR_WKD","A","1991",2419,
"CHL","HRWKD","TOT","HR_WKD","A","1992",2415,
"CHL","HRWKD","TOT","HR_WKD","A","1993",2389,
"CHL","HRWKD","TOT","HR_WKD","A","1994",2364,
"CHL","HRWKD","TOT","HR_WKD","A","1995",2338,
"CHL","HRWKD","TOT","HR_WKD","A","1996",2313,
"CHL","HRWKD","TOT","HR_WKD","A","1997",2256,
"CHL","HRWKD","TOT","HR_WKD","A","1998",2299,
"CHL","HRWKD","TOT","HR_WKD","A","1999",2277,
"CHL","HRWKD","TOT","HR_WKD","A","2000",2263,
"CHL","HRWKD","TOT","HR_WKD","A","2001",2242,
"CHL","HRWKD","TOT","HR_WKD","A","2002",2250,
"CHL","HRWKD","TOT","HR_WKD","A","2003",2235,
"CHL","HRWKD","TOT","HR_WKD","A","2004",2232,
"CHL","HRWKD","TOT","HR_WKD","A","2005",2157,
"CHL","HRWKD","TOT","HR_WKD","A","2006",2165,
"CHL","HRWKD","TOT","HR_WKD","A","2007",2128,
"CHL","HRWKD","TOT","HR_WKD","A","2008",2095,
"CHL","HRWKD","TOT","HR_WKD","A","2009",2074,
"CHL","HRWKD","TOT","HR_WKD","A","2010",2070,
"CHL","HRWKD","TOT","HR_WKD","A","2011",2047,
"CHL","HRWKD","TOT","HR_WKD","A","2012",2024,
"CHL","HRWKD","TOT","HR_WKD","A","2013",2015,
"CHL","HRWKD","TOT","HR_WKD","A","2014",1990,
"CHL","HRWKD","TOT","HR_WKD","A","2015",1988,
"CHL","HRWKD","TOT","HR_WKD","A","2016",1974,
"CHL","HRWKD","TOT","HR_WKD","A","2017",1954,
"EST","HRWKD","TOT","HR_WKD","A","2000",1932,
"EST","HRWKD","TOT","HR_WKD","A","2001",1925,
"EST","HRWKD","TOT","HR_WKD","A","2002",1927,
"EST","HRWKD","TOT","HR_WKD","A","2003",1932,
"EST","HRWKD","TOT","HR_WKD","A","2004",1940,
"EST","HRWKD","TOT","HR_WKD","A","2005",1962,
"EST","HRWKD","TOT","HR_WKD","A","2006",1954,
"EST","HRWKD","TOT","HR_WKD","A","2007",1952,
"EST","HRWKD","TOT","HR_WKD","A","2008",1922,
"EST","HRWKD","TOT","HR_WKD","A","2009",1789,
"EST","HRWKD","TOT","HR_WKD","A","2010",1831,
"EST","HRWKD","TOT","HR_WKD","A","2011",1874,
"EST","HRWKD","TOT","HR_WKD","A","2012",1842,
"EST","HRWKD","TOT","HR_WKD","A","2013",1822,
"EST","HRWKD","TOT","HR_WKD","A","2014",1816,
"EST","HRWKD","TOT","HR_WKD","A","2015",1809,
"EST","HRWKD","TOT","HR_WKD","A","2016",1812,
"EST","HRWKD","TOT","HR_WKD","A","2017",1813,
"ISR","HRWKD","TOT","HR_WKD","A","1995",1995,
"ISR","HRWKD","TOT","HR_WKD","A","1996",2017,
"ISR","HRWKD","TOT","HR_WKD","A","1997",2027,
"ISR","HRWKD","TOT","HR_WKD","A","1998",2003,
"ISR","HRWKD","TOT","HR_WKD","A","1999",2003,
"ISR","HRWKD","TOT","HR_WKD","A","2000",2017,
"ISR","HRWKD","TOT","HR_WKD","A","2001",1979,
"ISR","HRWKD","TOT","HR_WKD","A","2002",1993,
"ISR","HRWKD","TOT","HR_WKD","A","2003",1974,
"ISR","HRWKD","TOT","HR_WKD","A","2004",1942,
"ISR","HRWKD","TOT","HR_WKD","A","2005",1931,
"ISR","HRWKD","TOT","HR_WKD","A","2006",1919,
"ISR","HRWKD","TOT","HR_WKD","A","2007",1931,
"ISR","HRWKD","TOT","HR_WKD","A","2008",1929,
"ISR","HRWKD","TOT","HR_WKD","A","2009",1927,
"ISR","HRWKD","TOT","HR_WKD","A","2010",1918,
"ISR","HRWKD","TOT","HR_WKD","A","2011",1920,
"ISR","HRWKD","TOT","HR_WKD","A","2012",1910,
"ISR","HRWKD","TOT","HR_WKD","A","2013",1867,
"ISR","HRWKD","TOT","HR_WKD","A","2014",1853,
"ISR","HRWKD","TOT","HR_WKD","A","2015",1858,
"ISR","HRWKD","TOT","HR_WKD","A","2016",1889,
"ISR","HRWKD","TOT","HR_WKD","A","2017",1885,
"RUS","HRWKD","TOT","HR_WKD","A","1992",1933,
"RUS","HRWKD","TOT","HR_WKD","A","1993",1939,
"RUS","HRWKD","TOT","HR_WKD","A","1994",1895,
"RUS","HRWKD","TOT","HR_WKD","A","1995",1891,
"RUS","HRWKD","TOT","HR_WKD","A","1996",1894,
"RUS","HRWKD","TOT","HR_WKD","A","1997",1951,
"RUS","HRWKD","TOT","HR_WKD","A","1998",1946,
"RUS","HRWKD","TOT","HR_WKD","A","1999",1964,
"RUS","HRWKD","TOT","HR_WKD","A","2000",1982,
"RUS","HRWKD","TOT","HR_WKD","A","2001",1980,
"RUS","HRWKD","TOT","HR_WKD","A","2002",1982,
"RUS","HRWKD","TOT","HR_WKD","A","2003",1993,
"RUS","HRWKD","TOT","HR_WKD","A","2004",1993,
"RUS","HRWKD","TOT","HR_WKD","A","2005",1989,
"RUS","HRWKD","TOT","HR_WKD","A","2006",1998,
"RUS","HRWKD","TOT","HR_WKD","A","2007",1999,
"RUS","HRWKD","TOT","HR_WKD","A","2008",1997,
"RUS","HRWKD","TOT","HR_WKD","A","2009",1974,
"RUS","HRWKD","TOT","HR_WKD","A","2010",1976,
"RUS","HRWKD","TOT","HR_WKD","A","2011",1979,
"RUS","HRWKD","TOT","HR_WKD","A","2012",1982,
"RUS","HRWKD","TOT","HR_WKD","A","2013",1980,
"RUS","HRWKD","TOT","HR_WKD","A","2014",1985,
"RUS","HRWKD","TOT","HR_WKD","A","2015",1978,
"RUS","HRWKD","TOT","HR_WKD","A","2016",1974,
"RUS","HRWKD","TOT","HR_WKD","A","2017",1980,
"SVN","HRWKD","TOT","HR_WKD","A","1995",1755,
"SVN","HRWKD","TOT","HR_WKD","A","1996",1727,
"SVN","HRWKD","TOT","HR_WKD","A","1997",1715,
"SVN","HRWKD","TOT","HR_WKD","A","1998",1728,
"SVN","HRWKD","TOT","HR_WKD","A","1999",1730,
"SVN","HRWKD","TOT","HR_WKD","A","2000",1710.09999999999,
"SVN","HRWKD","TOT","HR_WKD","A","2001",1695.9,
"SVN","HRWKD","TOT","HR_WKD","A","2002",1720.5,
"SVN","HRWKD","TOT","HR_WKD","A","2003",1723.8,
"SVN","HRWKD","TOT","HR_WKD","A","2004",1736.59999999999,
"SVN","HRWKD","TOT","HR_WKD","A","2005",1696.59999999999,
"SVN","HRWKD","TOT","HR_WKD","A","2006",1667.5,
"SVN","HRWKD","TOT","HR_WKD","A","2007",1654.9,
"SVN","HRWKD","TOT","HR_WKD","A","2008",1673.7,
"SVN","HRWKD","TOT","HR_WKD","A","2009",1678.8,
"SVN","HRWKD","TOT","HR_WKD","A","2010",1680.09999999999,
"SVN","HRWKD","TOT","HR_WKD","A","2011",1663.2,
"SVN","HRWKD","TOT","HR_WKD","A","2012",1644.59999999999,
"SVN","HRWKD","TOT","HR_WKD","A","2013",1662.4,
"SVN","HRWKD","TOT","HR_WKD","A","2014",1681.9,
"SVN","HRWKD","TOT","HR_WKD","A","2015",1687.9,
"SVN","HRWKD","TOT","HR_WKD","A","2016",1666.9,
"SVN","HRWKD","TOT","HR_WKD","A","2017",1655.09999999999,
"OECD","HRWKD","TOT","HR_WKD","A","1970",1957,
"OECD","HRWKD","TOT","HR_WKD","A","1971",1951,
"OECD","HRWKD","TOT","HR_WKD","A","1972",1945,
"OECD","HRWKD","TOT","HR_WKD","A","1973",1944,
"OECD","HRWKD","TOT","HR_WKD","A","1974",1924,
"OECD","HRWKD","TOT","HR_WKD","A","1975",1914,
"OECD","HRWKD","TOT","HR_WKD","A","1976",1920,
"OECD","HRWKD","TOT","HR_WKD","A","1977",1915,
"OECD","HRWKD","TOT","HR_WKD","A","1978",1908,
"OECD","HRWKD","TOT","HR_WKD","A","1979",1903,
"OECD","HRWKD","TOT","HR_WKD","A","1980",1893,
"OECD","HRWKD","TOT","HR_WKD","A","1981",1885,
"OECD","HRWKD","TOT","HR_WKD","A","1982",1880,
"OECD","HRWKD","TOT","HR_WKD","A","1983",1881,
"OECD","HRWKD","TOT","HR_WKD","A","1984",1882,
"OECD","HRWKD","TOT","HR_WKD","A","1985",1880,
"OECD","HRWKD","TOT","HR_WKD","A","1986",1878,
"OECD","HRWKD","TOT","HR_WKD","A","1987",1878,
"OECD","HRWKD","TOT","HR_WKD","A","1988",1877,
"OECD","HRWKD","TOT","HR_WKD","A","1989",1873,
"OECD","HRWKD","TOT","HR_WKD","A","1990",1860,
"OECD","HRWKD","TOT","HR_WKD","A","1991",1851,
"OECD","HRWKD","TOT","HR_WKD","A","1992",1848,
"OECD","HRWKD","TOT","HR_WKD","A","1993",1843,
"OECD","HRWKD","TOT","HR_WKD","A","1994",1846,
"OECD","HRWKD","TOT","HR_WKD","A","1995",1845,
"OECD","HRWKD","TOT","HR_WKD","A","1996",1848,
"OECD","HRWKD","TOT","HR_WKD","A","1997",1841,
"OECD","HRWKD","TOT","HR_WKD","A","1998",1831,
"OECD","HRWKD","TOT","HR_WKD","A","1999",1825,
"OECD","HRWKD","TOT","HR_WKD","A","2000",1822,
"OECD","HRWKD","TOT","HR_WKD","A","2001",1808,
"OECD","HRWKD","TOT","HR_WKD","A","2002",1798,
"OECD","HRWKD","TOT","HR_WKD","A","2003",1792,
"OECD","HRWKD","TOT","HR_WKD","A","2004",1791,
"OECD","HRWKD","TOT","HR_WKD","A","2005",1789,
"OECD","HRWKD","TOT","HR_WKD","A","2006",1789,
"OECD","HRWKD","TOT","HR_WKD","A","2007",1785,
"OECD","HRWKD","TOT","HR_WKD","A","2008",1776,
"OECD","HRWKD","TOT","HR_WKD","A","2009",1750,
"OECD","HRWKD","TOT","HR_WKD","A","2010",1756,
"OECD","HRWKD","TOT","HR_WKD","A","2011",1757,
"OECD","HRWKD","TOT","HR_WKD","A","2012",1755,
"OECD","HRWKD","TOT","HR_WKD","A","2013",1750,
"OECD","HRWKD","TOT","HR_WKD","A","2014",1748,
"OECD","HRWKD","TOT","HR_WKD","A","2015",1749,
"OECD","HRWKD","TOT","HR_WKD","A","2016",1749,
"OECD","HRWKD","TOT","HR_WKD","A","2017",1744,
"LVA","HRWKD","TOT","HR_WKD","A","2000",1781,
"LVA","HRWKD","TOT","HR_WKD","A","2001",1791,
"LVA","HRWKD","TOT","HR_WKD","A","2002",1747,
"LVA","HRWKD","TOT","HR_WKD","A","2003",1738,
"LVA","HRWKD","TOT","HR_WKD","A","2004",1693,
"LVA","HRWKD","TOT","HR_WKD","A","2005",1718,
"LVA","HRWKD","TOT","HR_WKD","A","2006",1719,
"LVA","HRWKD","TOT","HR_WKD","A","2007",1693,
"LVA","HRWKD","TOT","HR_WKD","A","2008",1805,
"LVA","HRWKD","TOT","HR_WKD","A","2009",1760,
"LVA","HRWKD","TOT","HR_WKD","A","2010",1744,
"LVA","HRWKD","TOT","HR_WKD","A","2011",1760,
"LVA","HRWKD","TOT","HR_WKD","A","2012",1744,
"LVA","HRWKD","TOT","HR_WKD","A","2013",1738,
"LVA","HRWKD","TOT","HR_WKD","A","2014",1747,
"LVA","HRWKD","TOT","HR_WKD","A","2015",1714,
"LVA","HRWKD","TOT","HR_WKD","A","2016",1715,
"LVA","HRWKD","TOT","HR_WKD","A","2017",1690,
"LTU","HRWKD","TOT","HR_WKD","A","1995",1507,
"LTU","HRWKD","TOT","HR_WKD","A","1996",1505,
"LTU","HRWKD","TOT","HR_WKD","A","1997",1510,
"LTU","HRWKD","TOT","HR_WKD","A","1998",1551,
"LTU","HRWKD","TOT","HR_WKD","A","1999",1504,
"LTU","HRWKD","TOT","HR_WKD","A","2000",1609,
"LTU","HRWKD","TOT","HR_WKD","A","2001",1596,
"LTU","HRWKD","TOT","HR_WKD","A","2002",1571,
"LTU","HRWKD","TOT","HR_WKD","A","2003",1557,
"LTU","HRWKD","TOT","HR_WKD","A","2004",1637,
"LTU","HRWKD","TOT","HR_WKD","A","2005",1638,
"LTU","HRWKD","TOT","HR_WKD","A","2006",1634,
"LTU","HRWKD","TOT","HR_WKD","A","2007",1659,
"LTU","HRWKD","TOT","HR_WKD","A","2008",1685,
"LTU","HRWKD","TOT","HR_WKD","A","2009",1624,
"LTU","HRWKD","TOT","HR_WKD","A","2010",1642,
"LTU","HRWKD","TOT","HR_WKD","A","2011",1620,
"LTU","HRWKD","TOT","HR_WKD","A","2012",1619,
"LTU","HRWKD","TOT","HR_WKD","A","2013",1605,
"LTU","HRWKD","TOT","HR_WKD","A","2014",1598,
"LTU","HRWKD","TOT","HR_WKD","A","2015",1621,
"LTU","HRWKD","TOT","HR_WKD","A","2016",1643,
"LTU","HRWKD","TOT","HR_WKD","A","2017",1607,
"CRI","HRWKD","TOT","HR_WKD","A","1987",2366,
"CRI","HRWKD","TOT","HR_WKD","A","1988",2346,
"CRI","HRWKD","TOT","HR_WKD","A","1989",2307,
"CRI","HRWKD","TOT","HR_WKD","A","1990",2358,
"CRI","HRWKD","TOT","HR_WKD","A","1991",2272,
"CRI","HRWKD","TOT","HR_WKD","A","1992",2359,
"CRI","HRWKD","TOT","HR_WKD","A","1993",2346,
"CRI","HRWKD","TOT","HR_WKD","A","1994",2370,
"CRI","HRWKD","TOT","HR_WKD","A","1995",2345,
"CRI","HRWKD","TOT","HR_WKD","A","1996",2387,
"CRI","HRWKD","TOT","HR_WKD","A","1997",2365,
"CRI","HRWKD","TOT","HR_WKD","A","1998",2356,
"CRI","HRWKD","TOT","HR_WKD","A","1999",2370,
"CRI","HRWKD","TOT","HR_WKD","A","2000",2362,
"CRI","HRWKD","TOT","HR_WKD","A","2001",2329,
"CRI","HRWKD","TOT","HR_WKD","A","2002",2357,
"CRI","HRWKD","TOT","HR_WKD","A","2003",2350,
"CRI","HRWKD","TOT","HR_WKD","A","2004",2369,
"CRI","HRWKD","TOT","HR_WKD","A","2005",2352,
"CRI","HRWKD","TOT","HR_WKD","A","2006",2360,
"CRI","HRWKD","TOT","HR_WKD","A","2007",2387,
"CRI","HRWKD","TOT","HR_WKD","A","2008",2392,
"CRI","HRWKD","TOT","HR_WKD","A","2009",2348,
"CRI","HRWKD","TOT","HR_WKD","A","2010",2243.07999999999,
"CRI","HRWKD","TOT","HR_WKD","A","2011",2285.28,
"CRI","HRWKD","TOT","HR_WKD","A","2012",2233.36,
"CRI","HRWKD","TOT","HR_WKD","A","2013",2140.55999999999,
"CRI","HRWKD","TOT","HR_WKD","A","2014",2121.69,
"CRI","HRWKD","TOT","HR_WKD","A","2015",2148.17999999999,
"CRI","HRWKD","TOT","HR_WKD","A","2016",2204.65,
"CRI","HRWKD","TOT","HR_WKD","A","2017",2178.92,
